user_id;sex;age;qn1;qn2;qn3;qn4;qn5;qn6;qn7;qn8;qn9;qn10;qn11;qn12;qn13;qn14;qn15;qn16;qn17;qn18;qn19;qn20;qn21;qn22;qn23;qn24;qn25;qn26;qn27;qn28;qn29;qn30;qn31;qn32;qn33;qn34;qn35;qn36;qn37;qn38;qn39;qn40;qn41;qn42;qn43;qn44;qn45;qn46;qn47;qn48;qn49;qn50;qn51;qn52;qn53;qn54;qn55;qn56;qn57;qn58;qn59;qn60;Charcteristic;Neuroticism;Extraversion;Openness;Agreeableness;Conscientiousness
3953059724;1;1;1;1;2;4;4;4;3;5;5;3;4;2;3;4;2;4;4;2;1;2;1;1;1;1;4;2;2;2;4;4;1;4;2;5;2;2;3;4;2;3;5;5;1;1;4;2;4;5;4;4;5;2;3;4;3;4;5;2;2;2;1;45;38;44;37;39
3156676441;1;2;4;3;2;1;3;3;3;5;4;3;2;1;2;2;3;2;4;3;1;1;2;2;1;1;4;1;2;4;5;2;2;2;3;3;4;2;1;2;5;4;5;4;1;1;5;2;2;4;1;4;4;3;5;4;3;1;3;1;5;2;4;32;33;40;51;46
1649361514;1;2;5;5;3;1;4;3;3;4;3;4;4;2;5;2;2;1;1;3;2;4;4;1;5;1;4;3;3;5;4;3;4;3;3;4;5;2;2;2;3;3;4;5;2;1;5;5;1;5;1;4;1;5;3;3;4;2;3;2;3;2;4;30;44;36;48;44
1708755263;1;2;4;4;4;4;4;5;2;4;3;4;2;2;2;2;2;1;5;4;3;2;3;3;2;2;4;2;4;4;4;2;4;2;4;4;5;3;4;5;4;5;1;4;1;3;5;2;4;5;1;4;3;4;3;3;4;1;5;3;4;3;5;23;38;44;43;48
3478584024;2;2;3;3;3;4;4;3;4;5;4;3;2;3;4;5;2;4;4;4;3;2;2;2;1;2;4;2;3;3;4;3;3;4;5;5;5;3;4;5;3;3;2;5;1;2;4;1;2;5;4;4;2;4;1;4;4;4;5;1;5;2;3;33;45;48;37;44
1639379033;2;2;2;5;3;2;5;3;4;5;5;5;2;3;1;1;5;1;5;2;1;1;3;2;4;1;5;4;2;4;5;4;2;5;3;5;5;4;3;5;5;4;4;5;1;4;5;3;5;5;1;3;3;4;2;3;5;3;3;2;4;2;5;38;43;50;49;53
2919418143;2;2;3;2;3;4;4;2;2;5;5;3;4;3;2;4;3;3;4;3;4;3;2;4;2;4;4;3;4;4;5;2;3;3;3;4;4;4;4;4;2;2;4;4;2;1;3;3;3;4;4;4;3;3;4;4;4;3;4;1;4;4;3;41;37;42;33;40
2821613425;2;2;5;4;3;4;5;4;4;5;5;4;1;3;1;3;3;2;4;2;4;3;4;5;4;1;2;2;2;4;4;4;4;4;2;2;4;4;4;2;5;4;5;4;2;2;4;4;1;4;1;5;1;5;1;5;4;4;5;1;5;2;2;30;45;45;39;44
1646177212;1;1;4;5;3;2;5;2;5;5;5;5;3;4;1;5;5;2;5;5;3;5;1;1;1;2;5;5;2;5;5;1;2;5;4;5;4;4;5;4;1;5;4;5;1;4;5;5;1;5;1;5;4;3;1;3;5;5;5;1;5;2;5;47;50;48;39;54
3478771824;1;2;3;2;3;4;3;1;3;5;3;4;3;2;3;1;2;3;4;2;3;2;2;1;1;3;5;5;3;3;4;2;2;2;2;3;4;4;3;2;4;2;4;3;3;2;3;3;4;3;1;3;4;3;2;1;4;4;4;3;3;3;1;46;36;36;44;41
2933164237;2;2;4;4;2;4;3;4;5;5;5;5;2;2;4;5;2;1;5;2;1;2;2;1;2;1;5;4;3;3;5;4;2;4;5;2;5;2;4;5;1;5;4;5;1;2;4;2;1;5;1;5;4;3;1;2;4;5;5;2;5;4;3;36;49;50;40;46
1889385412;2;2;2;4;4;1;4;4;4;5;4;3;2;2;3;4;1;1;5;3;1;1;3;1;1;2;4;2;4;3;5;3;4;2;2;5;3;3;5;3;2;3;4;5;4;2;4;4;4;5;1;4;1;4;2;3;4;2;4;1;3;2;4;30;44;40;45;42
2682951823;1;2;4;4;4;4;4;2;4;3;5;1;4;4;1;2;5;2;3;3;3;4;3;3;4;4;5;4;4;4;4;4;4;4;4;4;4;4;4;3;4;3;4;3;3;4;3;4;3;4;3;3;4;3;4;3;3;4;4;4;4;4;2;41;43;37;36;37
3977106751;1;2;2;3;1;4;5;5;3;3;2;1;4;3;3;4;2;3;5;2;5;3;1;1;3;5;2;4;1;4;1;1;2;4;2;5;3;3;1;2;4;5;5;3;2;1;4;4;3;2;5;1;1;2;4;3;5;5;3;3;2;1;1;43;35;36;31;41
1947565734;1;2;3;4;2;2;2;2;5;4;4;3;3;4;4;3;3;2;4;1;3;3;2;3;2;2;4;4;3;4;3;3;2;3;3;4;3;3;3;3;3;2;4;4;3;3;4;5;4;3;2;3;4;4;3;2;4;4;4;3;2;3;1;44;44;36;39;37
1668509610;2;2;3;3;2;4;4;4;4;5;3;4;2;3;1;5;3;2;4;3;3;2;4;1;2;3;4;1;3;4;5;3;2;3;3;5;5;3;3;2;2;3;3;3;2;3;4;3;2;4;3;2;1;4;5;3;3;3;5;1;5;5;2;29;43;41;38;40
1509306022;1;2;1;3;5;5;3;2;2;5;5;3;5;3;3;1;3;4;2;3;2;3;1;3;2;1;5;5;2;2;5;3;1;4;2;3;3;5;2;2;3;2;2;2;2;1;1;5;5;3;3;2;5;1;1;1;1;5;3;1;2;2;1;55;29;38;42;33
1782826671;1;2;2;2;2;2;4;2;2;4;3;3;4;2;4;3;3;3;3;4;3;2;2;1;1;3;4;3;2;4;4;3;2;3;3;3;4;3;1;4;4;3;4;4;2;2;4;4;4;4;4;4;4;3;2;3;3;4;4;2;4;4;1;45;32;39;40;41
3157466913;2;2;4;4;2;1;5;5;5;5;3;4;1;3;1;3;1;1;4;1;1;1;4;1;1;1;4;1;3;4;5;1;5;3;4;4;4;3;3;4;4;3;3;3;1;2;4;1;1;4;1;4;1;4;1;4;5;4;4;1;3;1;5;21;47;48;48;49
2534112135;2;2;4;3;5;2;5;4;4;5;4;3;1;2;2;4;2;2;4;4;1;2;4;2;1;1;4;4;2;5;5;2;2;3;5;4;5;4;2;3;4;5;3;4;1;2;4;2;2;4;1;3;2;4;2;4;4;4;5;2;4;4;4;32;39;41;46;45
5650010537;2;2;4;2;4;2;4;4;5;2;4;4;2;2;2;1;2;2;4;2;3;2;4;1;1;3;4;5;5;5;4;3;4;4;2;2;2;2;5;3;4;3;4;4;2;2;5;2;2;2;1;4;2;4;2;1;2;2;4;1;3;1;2;29;48;34;44;42
1674914115;2;2;4;4;4;2;3;1;2;4;3;3;3;2;3;2;3;3;3;4;1;3;3;4;3;2;4;3;2;2;3;3;2;3;4;3;3;3;3;3;5;3;3;3;3;4;4;4;3;3;3;4;3;2;3;3;3;3;3;3;3;4;4;39;31;38;42;38
2941771205;2;2;5;5;5;1;5;2;3;4;2;3;1;2;2;1;2;2;4;5;1;2;1;3;1;1;4;1;3;5;4;2;4;1;1;5;5;2;4;2;3;2;1;4;1;4;2;2;1;4;1;4;2;4;1;5;5;1;5;1;5;1;4;24;40;37;49;45
2753267793;1;2;2;5;2;2;4;2;5;4;4;4;3;4;5;1;2;1;2;2;1;2;3;1;1;1;5;3;4;4;5;2;4;3;2;5;4;3;5;3;5;3;3;4;3;2;5;2;1;4;2;2;2;5;2;2;3;3;4;2;2;2;2;33;53;34;50;44
1831370100;1;2;2;3;4;2;4;2;3;5;4;2;4;1;3;2;2;2;4;3;2;4;2;2;2;2;4;1;2;4;4;3;2;3;2;4;4;4;2;2;4;3;3;4;2;2;4;3;4;3;3;3;3;3;4;3;3;2;4;2;4;3;4;38;34;35;44;37
5317621580;1;2;3;2;3;2;4;3;4;4;4;3;2;3;2;3;3;3;4;3;3;3;3;4;4;3;4;4;2;4;4;3;2;3;4;4;3;4;2;4;3;2;2;2;3;4;4;3;3;3;2;2;4;3;2;2;4;2;3;2;4;2;3;37;32;43;40;39
2412674921;2;2;3;4;2;3;2;5;5;5;4;2;2;4;1;4;4;3;5;3;3;3;4;2;2;2;4;3;4;4;4;3;4;4;5;4;5;3;5;3;5;3;2;5;2;2;4;2;2;4;3;3;2;4;1;4;3;4;4;1;4;2;2;29;50;49;40;40
1781661685;2;2;2;3;5;3;3;2;5;5;4;3;3;3;1;4;5;4;5;3;3;4;1;5;3;1;4;5;3;4;5;5;1;1;5;4;4;5;5;2;5;3;5;5;1;1;4;5;5;5;4;1;5;4;1;1;2;4;3;1;2;1;1;54;37;48;43;37
1441624475;2;3;4;2;2;1;5;3;4;5;3;2;2;5;2;4;1;1;5;3;1;1;2;1;1;1;5;1;4;5;5;5;1;4;5;5;5;2;4;5;5;4;3;5;2;3;5;1;3;5;2;4;1;4;2;4;4;3;3;3;4;3;4;28;46;46;48;44
1738879345;1;2;2;3;2;3;3;3;2;4;4;3;2;5;1;3;4;2;5;5;4;4;2;4;1;2;4;4;3;4;4;3;2;3;3;3;5;4;2;5;5;2;4;5;1;3;4;4;5;5;2;3;4;3;1;2;2;4;3;1;3;2;3;43;33;49;40;39
3148695817;1;2;4;2;4;1;5;2;4;4;2;3;3;4;3;2;3;4;3;3;5;2;4;3;1;3;2;4;3;1;2;3;4;2;3;4;3;4;3;2;3;4;5;4;3;4;3;2;4;5;1;4;2;4;1;3;4;3;3;2;3;2;5;37;37;40;39;42
2188386994;1;2;4;2;2;4;4;2;4;5;2;3;4;2;1;2;4;3;4;4;2;3;2;3;1;2;5;2;2;4;3;2;2;3;2;3;5;4;2;3;4;2;4;3;1;2;4;4;4;5;2;3;4;3;2;3;4;4;3;2;4;5;3;43;31;44;43;42
1642509074;2;2;1;1;1;1;1;1;1;1;1;1;1;1;1;1;1;1;1;1;1;1;1;1;1;1;1;1;1;1;1;1;1;1;1;1;1;1;1;1;1;1;1;1;1;1;1;1;1;1;1;1;1;1;1;1;1;1;1;1;1;1;4;28;24;36;44;24
1540166591;2;2;4;3;3;2;4;3;5;5;3;4;2;4;1;1;2;1;4;2;2;2;2;1;1;1;5;2;2;4;5;3;3;3;4;5;5;4;4;3;5;4;3;4;2;2;4;3;1;5;2;3;3;4;1;4;4;3;5;1;5;2;4;33;48;46;51;46
3304152721;1;2;5;5;4;4;3;4;5;4;5;4;1;2;3;3;3;1;4;4;5;2;5;3;2;1;5;1;5;4;2;3;4;2;5;5;4;2;5;5;3;3;5;5;5;5;5;2;1;5;2;4;2;5;1;4;3;1;5;1;5;1;2;21;49;43;34;46
2813294935;2;2;4;3;3;5;4;4;3;4;4;2;1;2;2;4;2;2;3;5;3;3;4;4;3;2;2;4;3;4;3;4;4;3;2;3;4;3;3;4;5;2;3;4;2;2;3;4;2;4;3;2;2;4;1;4;4;2;3;1;4;2;3;29;35;43;36;34
2670220931;1;2;2;4;1;3;3;3;4;5;3;4;3;2;3;3;2;4;5;4;3;2;2;5;2;3;4;3;3;4;5;4;2;3;5;4;3;4;2;4;4;3;4;4;1;4;4;3;2;5;2;4;3;4;3;4;4;4;5;2;5;4;3;43;38;48;41;39
1656319143;1;2;2;3;3;1;4;3;5;4;4;3;3;3;1;2;1;3;5;5;1;1;1;2;2;1;5;4;3;4;4;1;2;4;4;4;4;2;3;5;4;5;1;4;1;2;5;4;4;4;1;5;5;3;1;3;5;4;3;2;3;3;5;42;38;48;48;50
2884892540;2;2;4;5;4;1;4;4;4;4;1;5;2;1;4;1;4;1;3;4;1;3;4;5;1;1;5;4;4;4;5;4;4;4;3;4;4;4;2;2;4;4;3;2;1;4;4;2;2;4;1;1;3;4;4;2;4;4;5;4;1;2;4;31;38;32;50;44
1191461881;1;2;2;5;3;3;3;2;5;5;3;2;2;4;1;2;4;2;5;2;2;4;3;2;2;4;4;3;3;5;4;2;2;2;4;4;4;4;4;4;5;3;3;4;2;4;4;4;2;4;2;3;2;4;3;2;3;3;4;4;3;4;2;38;47;42;42;38
5334832921;1;2;3;4;4;4;3;3;4;3;3;3;4;5;4;5;2;1;4;2;2;3;2;2;3;2;4;2;4;4;3;4;2;2;4;4;4;3;3;2;3;2;3;2;3;1;3;4;2;1;2;3;3;2;3;3;4;3;5;3;4;4;2;37;43;32;40;35
1909148393;2;2;2;3;3;4;2;2;3;4;3;4;4;3;5;1;4;3;4;3;2;4;2;4;4;2;4;4;2;3;3;3;2;3;1;3;2;4;2;2;4;2;4;3;4;2;3;5;4;2;1;2;5;3;3;1;2;5;4;3;2;4;1;50;33;32;44;32
1658152907;1;2;4;4;3;2;4;2;4;5;1;3;2;2;3;1;2;1;4;1;1;3;2;1;1;1;4;1;2;5;4;2;2;1;5;4;4;3;3;2;5;3;2;4;2;2;4;1;2;3;3;4;1;3;2;3;3;2;4;1;3;2;4;27;41;40;50;42
1676728887;1;2;4;4;4;2;5;4;4;5;2;5;1;2;1;1;1;1;4;4;2;1;4;1;1;2;5;1;3;4;4;4;4;2;3;4;4;2;4;3;4;4;2;3;3;2;5;2;1;3;1;3;1;4;3;4;4;2;4;1;2;2;5;20;42;39;46;47
1295995517;1;2;2;4;4;2;4;4;2;5;4;4;2;2;1;2;4;2;4;2;2;2;3;2;2;1;5;2;4;4;5;2;4;2;4;4;5;2;2;1;4;2;2;4;1;2;4;2;2;4;1;4;2;4;1;4;4;2;4;2;4;2;5;27;40;43;47;48
2841710671;2;2;5;5;4;1;3;5;5;5;4;3;1;3;4;2;3;1;2;5;4;3;5;4;5;2;5;1;5;4;3;5;5;2;2;4;5;3;4;5;4;3;2;2;1;3;3;2;1;5;4;3;2;5;1;4;4;1;5;1;3;2;3;17;44;45;38;40
1634703487;1;2;2;2;2;4;4;2;4;5;4;2;4;5;4;2;4;3;4;2;2;4;2;4;2;2;5;4;2;5;5;4;2;2;1;4;4;5;4;5;4;2;5;5;2;4;4;3;4;5;4;5;4;2;2;3;2;4;4;2;3;2;1;48;38;41;39;40
1582463744;2;2;2;2;2;2;5;2;4;3;4;4;4;3;5;4;2;4;3;4;5;3;2;2;3;4;4;3;2;4;2;3;2;3;4;2;4;2;3;4;1;3;4;3;2;4;3;4;4;4;5;5;3;2;2;4;4;4;4;3;4;4;1;44;34;39;25;42
3711082342;1;1;3;4;3;2;4;3;3;5;2;3;4;3;2;2;3;1;5;3;1;2;3;3;2;1;4;3;3;4;4;2;3;3;5;4;4;3;3;4;4;3;4;3;1;1;4;3;2;5;3;4;3;4;2;3;2;5;4;2;3;3;3;38;40;48;48;42
1848384013;2;2;4;3;3;4;5;4;4;2;5;5;1;4;5;4;1;3;1;4;2;1;4;4;1;1;4;1;4;5;5;1;4;4;5;4;5;3;4;2;2;4;3;4;2;1;4;1;1;4;3;4;1;4;2;4;4;3;5;2;4;1;5;24;45;32;39;51
5428233906;1;2;1;2;1;3;1;1;1;4;4;3;5;1;1;3;5;4;4;4;4;4;1;4;3;3;2;4;2;3;2;4;1;2;2;3;2;4;1;3;3;1;5;2;3;2;1;5;5;3;4;1;5;1;3;1;1;5;1;1;3;5;1;57;18;43;35;22
1876503811;2;2;3;2;4;4;4;3;2;3;4;5;2;3;5;3;3;2;3;3;1;3;3;1;3;2;5;5;4;5;4;4;3;4;1;3;4;3;3;4;3;3;4;3;2;1;5;3;3;5;2;4;4;3;1;3;3;4;3;1;4;4;5;39;38;37;42;43
1927720373;1;2;1;4;2;5;4;1;3;4;4;3;3;5;1;4;4;2;5;3;2;2;1;2;1;2;3;4;2;5;3;3;1;3;5;5;4;2;3;2;2;3;5;4;1;3;4;5;5;4;3;3;4;2;1;2;2;5;5;2;4;4;1;50;39;45;37;39
1647036031;1;2;5;2;1;1;4;5;5;5;3;1;1;1;5;1;3;1;5;2;1;3;5;3;4;2;5;1;2;3;4;4;5;2;2;4;5;2;2;4;4;3;1;3;2;3;5;1;1;5;2;2;4;5;5;4;4;1;5;5;5;1;4;16;39;40;48;42
1745494521;2;2;3;4;3;3;4;2;3;3;4;2;3;2;2;3;2;2;4;4;3;3;2;4;3;1;5;3;3;4;4;4;3;4;3;3;4;4;3;4;4;3;3;4;3;2;4;2;3;4;2;4;3;4;3;4;4;3;4;3;4;3;4;37;38;39;41;40
5255570950;1;2;2;2;4;4;5;2;4;5;3;5;4;2;1;3;1;3;4;4;5;1;2;5;4;1;5;4;2;4;2;3;2;4;4;3;4;5;2;5;3;4;4;3;2;3;5;2;2;4;4;4;4;3;4;4;5;4;3;4;4;4;5;46;32;43;33;48
1197161814;1;1;1;1;1;1;1;1;1;1;1;1;1;1;1;1;1;1;1;1;1;1;1;1;1;1;1;1;1;1;1;1;1;1;1;1;1;1;1;1;1;1;1;1;1;1;1;1;1;1;1;1;1;1;1;1;1;1;1;1;1;1;4;28;24;36;44;24
2585439477;2;2;4;2;3;4;3;2;3;3;2;3;4;3;2;2;3;2;3;4;1;3;4;2;3;1;4;4;5;4;3;2;3;3;2;4;5;3;2;4;3;4;4;3;4;2;3;3;2;4;3;2;3;4;3;2;4;4;3;1;3;4;4;38;38;38;44;40
1870118980;1;2;5;4;4;2;5;4;3;5;4;2;4;1;1;3;1;2;5;4;4;2;4;1;2;4;5;1;5;5;5;1;4;2;5;5;5;4;1;5;5;5;1;5;2;5;5;1;4;5;1;4;1;4;5;5;5;1;2;1;5;4;5;22;36;45;40;48
2870305432;1;2;3;4;4;1;2;3;4;2;5;3;2;4;5;1;2;1;1;3;1;5;3;5;2;1;5;3;1;1;5;5;2;1;1;3;5;5;1;3;5;1;3;2;4;1;5;4;2;4;1;1;4;4;1;3;5;5;5;1;2;3;4;40;34;33;49;34
5438402939;2;2;2;2;1;1;4;1;1;5;4;2;2;1;1;2;1;5;5;5;5;2;1;5;4;5;4;5;3;4;5;5;1;5;3;3;5;4;3;4;4;2;4;2;1;1;4;5;5;5;3;3;4;2;2;4;5;5;5;1;1;5;1;53;27;52;36;36
3192801880;2;2;2;3;2;2;2;2;1;3;4;1;4;2;4;3;5;4;2;4;4;5;2;4;4;2;2;4;2;4;3;4;2;2;3;2;2;4;3;4;3;2;4;4;1;2;4;4;4;4;4;2;5;2;2;2;2;2;4;1;3;2;1;47;29;42;36;29
1557224373;1;2;3;2;2;1;5;3;3;5;3;5;2;1;1;2;1;2;4;4;2;1;3;4;2;1;5;3;3;4;5;4;3;2;5;3;5;4;3;2;4;4;4;5;1;2;5;4;4;4;1;3;2;3;1;3;5;1;4;1;4;2;4;34;32;48;49;49
5048617232;1;2;2;5;3;2;4;1;3;5;3;4;3;2;1;2;2;3;5;4;2;2;1;4;1;2;4;4;2;4;5;4;2;3;3;4;4;4;2;4;5;4;5;3;1;1;4;4;5;4;3;4;3;2;1;2;4;4;4;1;3;4;1;48;31;47;48;42
1701302745;1;2;3;4;2;3;4;3;5;4;5;2;3;5;2;2;4;2;5;4;1;3;3;1;2;1;5;3;2;4;5;2;4;2;5;5;4;4;5;4;5;2;3;5;3;3;4;4;3;4;2;3;3;4;1;5;2;2;5;2;3;2;2;35;47;46;44;41
2516379664;1;2;3;4;1;2;5;2;3;5;3;3;2;2;4;4;2;2;3;4;3;1;1;2;1;1;4;1;3;4;3;4;3;3;5;2;4;3;2;5;2;2;3;3;4;3;3;2;3;4;3;3;2;3;3;4;3;4;3;1;4;2;3;34;35;42;36;40
3210972904;1;2;2;2;4;5;3;2;2;3;4;2;3;3;5;5;2;4;1;4;5;3;2;2;2;4;2;4;1;5;3;4;2;3;5;2;2;3;4;1;2;2;5;5;2;3;2;4;4;2;4;4;1;3;5;3;3;3;4;2;2;1;1;43;35;27;24;32
2312011552;1;2;2;4;3;2;4;2;4;5;3;2;2;5;4;4;4;3;4;4;3;2;4;1;4;1;4;2;3;5;3;4;4;3;5;4;5;2;4;3;4;2;4;5;4;4;3;2;3;4;1;1;4;4;1;3;4;2;5;3;4;4;2;33;47;41;42;37
2807603467;2;2;5;5;5;2;5;4;5;4;2;1;1;4;1;3;1;1;5;5;1;1;5;1;1;1;4;1;5;5;5;1;5;4;4;5;5;2;4;4;5;5;3;3;2;2;5;1;1;3;1;4;1;5;1;5;5;2;5;3;3;2;2;17;51;40;49;49
1748494722;1;2;2;3;3;2;4;2;2;5;5;5;3;4;5;3;1;3;2;1;3;5;1;1;1;1;5;2;2;4;4;5;1;4;5;4;5;2;4;4;5;3;4;5;2;4;5;4;3;3;4;5;4;5;1;2;4;4;5;1;4;3;2;44;47;40;41;42
2790272472;2;2;3;4;4;2;3;4;4;5;4;4;2;1;4;3;2;4;5;4;4;4;3;5;4;2;4;3;4;5;3;4;4;2;4;4;4;2;3;4;2;3;5;5;2;4;4;2;3;4;4;3;4;4;4;3;3;2;4;1;4;2;3;34;37;42;35;38
1748053351;2;2;4;2;3;2;3;4;4;4;2;4;3;2;1;3;4;4;5;4;2;4;3;5;2;2;4;4;2;4;4;4;2;2;4;3;4;3;3;3;4;3;4;3;1;1;4;4;3;4;2;3;4;3;2;3;3;2;4;1;2;4;3;39;31;46;44;38
3277898675;1;2;1;3;2;3;1;1;3;5;5;3;4;1;3;2;4;3;5;4;3;4;1;4;3;2;3;5;1;4;2;4;1;3;3;3;2;4;3;3;2;1;5;3;1;2;3;5;5;4;3;2;5;4;5;2;1;4;4;2;3;4;1;55;30;42;36;26
3018351837;1;2;4;4;1;4;5;2;5;5;4;3;2;3;2;5;2;1;5;2;2;2;5;2;2;1;4;3;5;3;4;4;3;4;5;5;2;3;4;5;2;4;4;4;1;3;4;3;2;5;2;4;3;4;1;4;3;3;5;2;3;1;3;32;50;53;37;42
1948106443;2;2;3;4;2;1;4;3;5;2;3;4;2;3;5;1;2;1;4;1;1;3;2;5;4;1;5;3;2;4;4;3;3;3;1;5;4;2;3;2;5;3;3;4;5;2;3;2;1;5;1;2;2;4;1;4;4;2;5;1;2;2;4;30;44;36;50;41
2192608902;1;2;3;4;4;2;3;2;3;4;3;5;2;2;1;1;4;2;2;2;1;1;1;1;2;1;4;5;3;5;5;3;2;3;1;5;1;5;3;3;4;3;4;4;1;2;5;1;3;2;5;3;3;3;2;2;3;4;5;1;3;3;4;42;42;36;48;42
2336912603;2;2;3;5;2;4;3;1;1;5;5;5;2;3;3;1;1;3;3;4;1;2;2;4;2;2;5;1;3;5;4;4;2;3;4;3;4;4;2;3;5;3;5;5;1;1;5;3;2;4;1;5;3;3;2;3;3;4;4;1;4;2;4;41;37;43;46;44
2907642443;2;2;4;4;3;3;3;2;3;5;3;2;3;3;2;3;3;2;4;3;4;3;4;4;2;3;4;3;2;4;4;4;3;2;2;4;4;4;3;3;5;3;5;4;1;2;4;5;2;3;2;3;3;4;2;2;3;2;3;1;2;1;3;38;37;42;41;39
2262801667;1;2;2;4;5;1;2;1;2;3;4;2;4;1;4;2;2;3;1;2;2;4;2;5;3;2;4;4;2;4;4;4;2;1;3;3;3;4;2;2;4;2;4;2;4;1;4;4;4;4;2;2;4;3;3;3;3;4;4;2;2;4;1;48;28;30;44;30
1594704694;2;1;4;4;2;3;2;3;2;4;3;1;4;4;2;2;2;2;4;2;2;5;4;3;2;2;3;4;4;5;4;4;3;2;2;4;3;4;2;2;4;2;4;4;4;2;2;4;1;3;3;2;3;4;2;2;2;4;4;2;3;4;4;39;42;36;44;24
1751822773;1;2;2;3;1;4;4;3;2;5;4;4;4;2;2;1;2;2;4;4;3;3;3;4;2;4;5;5;3;4;4;3;3;2;4;4;4;4;2;5;5;3;4;4;2;4;3;5;4;4;2;3;4;4;1;2;2;4;3;4;3;2;3;45;31;46;40;40
1553141752;2;2;2;2;2;5;3;1;4;5;4;3;4;3;1;5;3;5;5;4;3;4;1;1;3;3;2;5;2;4;4;4;2;2;3;4;3;5;2;5;4;2;4;4;1;4;3;5;4;4;2;3;4;2;1;2;2;5;4;3;3;4;1;55;34;49;35;30
2084995253;1;2;1;3;3;3;4;1;2;5;5;3;2;2;5;1;1;4;2;2;1;2;2;2;2;1;3;4;2;3;5;3;2;1;4;5;5;3;1;4;5;3;1;5;3;1;4;2;3;5;1;3;1;5;1;5;5;4;5;3;5;3;4;39;37;40;50;41
2607155240;2;2;5;5;2;1;4;3;5;5;1;5;3;5;1;5;1;2;5;1;2;1;4;1;1;1;4;5;5;5;5;4;4;5;5;4;5;5;5;5;3;5;4;5;2;1;5;2;1;5;4;4;3;4;1;5;5;1;5;1;2;4;2;33;59;50;42;47
2527547654;1;2;1;4;2;4;4;4;3;3;5;3;3;4;1;1;3;2;4;1;3;4;4;2;3;1;5;2;3;4;4;3;4;4;4;4;4;3;4;1;5;2;5;5;4;1;4;3;1;4;1;3;4;5;1;3;3;4;5;5;3;3;2;37;51;38;45;39
2629189597;1;2;3;4;4;2;3;2;4;5;5;3;3;2;4;1;4;1;5;3;2;4;3;1;1;1;5;1;3;5;5;4;2;4;4;4;4;2;4;3;1;2;2;4;1;2;5;4;5;3;3;4;3;4;2;3;4;2;4;3;4;5;4;32;42;38;43;39
5276118424;2;2;4;2;2;3;3;3;2;5;4;2;3;1;2;3;4;3;4;4;3;4;2;3;3;3;2;4;2;4;3;3;2;2;4;3;2;4;4;2;5;2;5;4;2;2;4;4;4;4;3;4;5;2;2;3;2;5;5;3;4;3;1;46;31;43;39;33
2184733627;2;2;4;4;3;3;3;3;4;5;5;4;4;5;5;2;4;2;4;4;1;2;3;3;4;4;5;2;4;5;5;4;4;4;2;5;5;4;3;2;4;3;2;5;4;2;5;4;2;4;2;4;3;4;3;4;4;3;5;3;3;2;2;34;47;34;42;47
3749509855;1;1;2;3;1;4;4;1;3;5;3;2;4;3;1;2;4;4;5;5;2;4;1;5;2;2;3;5;3;3;2;3;1;5;5;2;4;4;3;5;2;2;5;4;1;4;4;5;5;5;2;3;5;2;1;4;4;4;4;2;3;3;1;55;33;54;34;38
1766223990;2;2;4;4;5;3;4;4;3;5;4;2;2;2;4;3;1;2;3;4;1;1;4;2;2;1;4;1;2;3;4;2;4;4;3;4;4;4;4;4;3;3;4;4;2;2;4;2;2;4;1;4;2;5;2;4;4;4;4;2;4;3;4;29;42;39;44;42
1849576400;1;2;2;4;4;4;5;1;3;5;5;3;5;2;1;4;1;4;5;4;4;2;1;1;1;5;5;5;5;4;5;4;1;2;5;4;3;5;2;4;4;4;5;5;1;5;5;5;5;5;2;5;5;2;4;1;4;5;2;1;2;1;1;58;35;46;33;46
2816886657;1;2;2;3;4;4;3;2;2;5;5;5;3;2;2;5;4;3;5;5;3;3;3;3;3;3;4;5;3;3;5;3;3;2;3;2;4;4;3;3;2;3;4;5;2;3;4;4;4;3;3;4;1;2;1;2;3;2;1;1;4;3;3;40;29;45;33;43
1934723774;1;2;4;5;3;4;4;4;5;5;5;5;2;4;5;1;3;1;3;1;1;1;3;1;1;1;5;1;3;5;5;5;4;5;2;3;5;3;5;2;5;3;1;5;3;1;5;1;1;5;1;3;2;5;1;3;5;4;5;3;3;5;2;24;57;34;47;45
1758683171;2;2;4;3;5;4;5;4;2;5;4;4;1;3;1;5;3;1;5;1;4;1;3;1;1;1;4;1;3;5;5;4;2;1;5;2;1;2;2;3;3;2;1;5;1;2;5;2;1;5;1;4;1;5;1;3;4;2;4;1;4;2;3;22;43;46;38;43
2007957961;1;2;2;4;3;4;4;3;3;5;4;2;2;5;3;4;2;3;5;4;4;2;3;3;4;2;4;2;2;4;3;3;3;2;2;4;4;4;4;4;4;3;4;3;4;3;4;4;4;4;3;3;2;3;1;3;4;3;5;2;3;2;3;37;38;43;35;41
1411772721;2;3;1;1;4;2;4;2;2;5;5;5;3;1;2;1;2;3;4;5;5;3;1;3;1;1;5;5;1;5;5;5;1;3;4;4;4;5;4;4;3;4;5;5;2;1;4;5;5;4;3;4;5;2;4;3;3;4;4;2;3;2;1;54;28;39;42;43
3119074283;1;2;5;4;1;1;4;4;4;5;4;4;1;4;1;1;2;1;5;2;4;2;4;2;4;1;5;1;5;5;4;3;4;4;2;3;4;4;5;5;3;3;4;4;2;2;5;2;1;4;2;5;1;5;2;4;4;2;5;2;5;2;2;23;53;48;44;47
1858574791;2;2;1;3;2;2;5;2;3;4;3;2;4;3;2;4;2;2;4;4;4;2;2;3;3;3;5;4;2;4;4;4;2;4;2;3;4;3;2;4;5;4;2;5;2;4;4;3;4;3;4;5;4;2;5;3;3;4;2;3;2;4;1;43;33;38;35;42
1068546807;2;2;5;5;2;2;5;5;3;5;3;4;1;3;1;4;2;2;5;4;2;3;5;4;1;2;5;1;5;5;5;4;5;4;2;5;5;2;3;5;4;4;5;5;1;4;5;1;1;5;1;4;1;5;4;5;5;1;2;2;5;2;5;18;44;44;44;48
5022428239;2;2;5;4;2;2;2;1;1;5;5;5;5;1;1;1;1;3;3;5;3;2;1;4;2;4;4;5;1;5;4;4;1;5;2;1;2;5;1;1;5;3;5;4;1;4;2;5;5;3;4;2;5;1;3;1;2;5;4;4;2;2;1;54;26;36;36;33
1624454703;1;2;1;2;1;3;4;1;4;4;5;1;5;3;2;4;5;5;5;4;4;5;1;3;2;1;4;4;3;4;5;3;1;3;2;3;4;4;4;2;1;4;2;3;5;3;3;5;5;4;5;5;5;1;1;4;2;5;1;2;5;5;1;55;30;40;33;37
2118299443;2;2;3;4;4;4;3;2;3;5;4;2;2;4;1;4;2;1;5;5;2;4;3;2;1;1;4;4;3;4;4;3;3;4;4;5;4;4;5;5;2;2;3;1;1;2;5;4;2;4;3;4;3;5;2;4;5;2;5;1;5;2;3;36;43;47;40;40
1729952731;1;2;4;5;4;2;5;3;3;5;3;5;1;2;1;3;1;2;5;4;2;1;3;2;1;1;5;1;2;4;4;1;2;3;2;4;5;2;3;3;4;2;3;5;4;3;5;1;3;5;2;4;1;4;1;4;4;3;4;2;3;2;5;26;40;41;43;50
1913664065;2;2;1;4;4;2;3;1;3;5;4;5;3;3;1;2;2;4;5;3;2;2;1;3;2;1;5;5;3;4;5;4;1;3;2;5;5;4;3;3;4;3;5;4;2;3;4;5;5;4;2;4;5;2;3;3;3;5;4;2;4;2;1;56;36;41;47;44
1829809343;1;2;5;5;5;1;1;1;5;5;5;1;1;1;1;1;1;1;5;5;1;5;1;1;1;1;5;5;1;5;5;5;5;1;5;1;1;5;1;1;1;1;1;5;5;1;1;5;5;5;1;1;1;1;1;1;1;5;1;5;5;5;4;36;28;36;48;16
5020738601;2;2;5;3;4;3;4;5;4;5;5;4;2;4;3;4;1;2;2;2;1;3;5;2;2;1;5;2;5;5;5;1;5;3;4;5;4;2;3;2;2;3;1;3;2;1;5;1;1;2;1;3;1;5;2;4;4;1;5;1;5;1;2;16;48;36;45;46
1031615211;1;2;3;3;3;3;3;3;5;3;2;4;3;5;3;3;1;1;4;2;2;2;1;3;2;2;4;2;3;3;4;3;3;3;3;3;4;4;4;3;4;3;4;4;3;2;5;3;4;5;2;3;4;5;1;3;3;3;4;3;2;3;2;38;45;40;42;40
2836692783;1;2;5;4;4;4;4;3;5;5;5;5;4;5;5;1;4;3;3;1;4;2;2;1;4;2;5;5;5;5;5;5;3;1;1;3;2;4;4;2;2;2;5;5;2;1;5;5;2;4;3;3;4;3;2;3;5;5;5;1;2;2;2;46;51;36;37;44
2044977437;2;2;3;4;2;2;4;3;3;2;3;2;3;2;2;2;3;2;1;3;2;2;3;4;4;2;4;4;3;4;4;3;2;3;2;4;4;4;4;2;4;3;4;4;4;2;3;3;2;3;3;2;3;4;3;2;3;4;5;2;2;3;4;40;41;33;44;38
2287686493;1;2;4;4;5;4;5;2;4;5;1;4;4;3;4;1;5;3;4;3;3;2;3;2;1;1;4;1;4;4;4;1;3;3;5;4;5;4;4;3;3;2;5;5;1;4;5;3;3;3;1;4;3;4;2;3;4;5;5;1;5;2;5;40;46;40;46;51
3211765453;1;2;1;2;5;5;4;4;1;2;1;4;1;1;5;5;1;3;5;4;5;1;5;2;5;5;5;5;2;5;5;4;4;2;2;2;5;1;1;4;3;5;4;4;5;5;4;5;5;1;4;1;4;2;1;1;4;1;4;1;1;1;5;34;26;33;28;45
1657613584;1;2;2;3;2;3;2;1;3;4;5;3;4;3;1;4;2;2;5;5;3;4;1;5;2;3;3;4;3;2;5;5;1;1;4;5;5;5;2;5;5;4;5;3;1;2;5;5;5;5;1;5;5;3;3;2;2;5;4;1;4;4;1;54;28;51;44;36
2180235402;1;2;2;1;5;4;5;4;3;4;5;5;1;4;1;5;1;4;5;5;4;1;2;1;1;5;5;1;2;5;5;1;2;5;3;5;5;1;3;5;1;5;4;5;1;2;5;4;4;5;4;5;1;2;5;3;5;3;1;1;5;1;5;33;34;41;32;56
1956216865;2;2;3;3;1;3;3;4;4;5;5;3;3;1;1;3;2;1;5;5;2;1;1;5;1;1;5;1;3;5;5;3;3;1;3;3;5;3;3;4;5;3;1;1;5;5;3;1;1;5;2;1;3;3;5;3;2;1;5;1;4;1;3;27;31;41;41;40
1864835374;2;2;3;2;4;5;4;4;5;5;2;4;2;3;2;4;4;4;5;4;3;3;3;4;5;2;4;3;2;4;4;3;3;4;4;3;4;3;2;4;4;3;3;4;1;2;4;5;4;5;2;2;2;4;1;2;2;1;4;2;3;1;3;34;36;50;40;42
1790027350;1;1;2;2;2;3;2;2;1;4;2;1;2;1;1;1;2;2;5;5;2;1;4;4;2;1;5;3;2;2;4;4;2;4;3;4;2;5;1;4;5;1;5;2;3;1;1;5;4;4;4;5;3;2;2;2;1;2;3;1;4;4;4;41;23;47;49;29
3217460683;1;2;3;4;2;2;5;2;3;3;4;3;3;2;3;3;2;3;4;3;2;2;2;3;2;1;4;2;2;3;4;2;2;3;2;4;4;4;3;4;4;3;4;3;2;2;4;3;3;4;3;4;3;3;2;3;4;2;3;2;3;2;5;39;35;41;43;45
3805274867;1;2;5;3;2;2;4;3;2;5;4;5;2;1;5;3;2;2;1;4;2;1;3;5;2;1;3;5;2;4;5;4;4;2;1;4;3;5;2;3;5;3;5;4;2;2;4;5;4;5;1;4;3;4;2;5;4;4;5;1;5;5;4;40;30;37;47;40
2449928667;1;2;4;2;1;2;4;2;2;4;4;3;3;1;1;4;2;2;5;5;2;2;2;3;2;1;4;1;2;4;4;3;2;2;2;3;4;4;2;2;2;4;4;2;1;4;4;1;4;5;1;2;1;4;5;4;4;4;3;1;5;4;3;34;26;43;40;40
1190788547;2;1;2;2;4;4;4;4;3;3;2;2;3;3;4;4;4;5;5;5;4;4;4;4;4;4;3;3;2;2;1;1;2;2;2;2;2;2;2;2;2;3;3;3;3;3;3;2;3;1;1;1;1;1;1;1;1;1;1;1;1;1;3;32;25;38;31;35
2761106523;2;2;2;1;3;5;2;3;3;5;3;1;2;2;4;5;4;2;5;3;2;4;3;4;2;2;5;1;2;4;4;4;3;2;2;3;4;3;2;5;2;2;4;5;1;2;4;3;3;5;4;4;4;2;2;3;2;2;4;1;4;2;3;34;31;45;35;36
1581374044;2;2;2;5;2;3;3;2;2;3;2;4;3;2;2;3;4;3;4;3;4;4;2;4;3;4;3;4;2;3;4;4;2;3;2;2;5;4;2;4;5;3;4;3;1;3;3;4;4;4;3;2;3;3;3;2;3;4;2;1;2;3;1;45;31;44;37;37
3163838777;1;2;4;4;5;4;4;2;2;4;2;3;4;1;2;4;2;1;4;5;1;2;2;2;2;1;4;5;2;5;5;5;1;3;2;4;5;4;5;5;5;2;5;2;1;2;4;5;4;4;1;4;4;4;1;2;3;5;5;2;4;4;4;48;35;41;49;38
2271594711;2;2;5;4;2;4;4;2;4;4;5;4;4;4;2;4;4;4;4;3;2;2;1;2;2;2;3;2;2;5;5;4;2;3;4;4;5;4;4;4;4;4;3;4;2;2;4;4;4;4;4;2;4;3;4;4;4;2;2;2;4;2;5;41;39;41;38;44
2277693053;2;2;4;3;3;3;3;4;4;5;2;4;2;3;2;2;3;2;3;2;2;4;2;2;4;1;4;2;3;3;4;2;3;2;2;4;4;3;4;2;3;2;3;3;2;2;4;3;3;2;2;3;2;3;3;3;3;4;5;2;3;3;4;32;41;39;45;39
2042412190;1;2;3;5;3;2;3;2;4;5;4;2;3;3;1;2;3;1;5;4;2;4;2;1;1;1;5;5;2;4;5;2;2;3;4;4;5;4;3;3;4;3;5;3;2;2;4;4;4;3;1;4;4;3;1;2;2;5;5;2;3;4;4;46;40;44;48;39
2207709757;1;2;2;4;3;1;2;2;3;5;3;5;2;1;1;2;2;2;5;4;1;3;2;4;2;1;5;3;2;4;4;2;2;2;5;4;4;4;1;3;4;2;3;5;2;4;4;3;4;4;1;4;2;3;3;3;3;2;4;4;4;2;4;37;31;43;48;42
3562770301;1;2;1;5;1;1;5;1;3;5;5;3;2;3;1;1;2;4;5;2;2;4;1;1;1;1;5;1;1;5;5;1;1;2;2;5;5;4;3;4;5;4;5;3;1;2;5;4;5;4;1;5;5;3;1;4;4;3;5;1;5;5;4;48;38;47;51;46
3722006112;2;2;4;3;3;4;5;5;5;4;4;4;1;5;4;3;2;4;5;2;3;1;5;4;4;1;5;4;4;5;5;5;5;5;4;5;5;4;5;2;4;3;4;4;4;2;5;4;1;3;1;4;1;5;2;4;4;3;5;3;2;4;2;30;52;37;42;45
3160744691;1;2;4;3;2;2;2;1;3;4;4;4;3;2;4;2;5;3;2;2;3;4;2;3;4;2;3;5;3;3;4;4;3;3;1;3;3;4;2;2;5;2;4;2;3;2;4;4;4;3;1;2;4;4;3;2;3;4;4;4;3;4;1;45;35;33;45;34
1824640877;2;2;3;4;3;3;5;2;4;5;5;4;3;3;5;4;3;4;4;5;5;4;2;2;4;4;5;3;5;5;5;2;3;5;5;2;5;4;3;4;2;4;2;5;5;1;5;4;3;5;5;5;2;2;3;5;5;4;1;3;4;2;5;40;40;39;29;51
3743070320;2;2;5;3;1;2;3;3;3;5;3;2;4;4;4;4;5;4;5;3;3;5;4;2;4;3;2;5;2;5;4;4;3;2;2;3;2;4;3;3;5;2;4;4;5;2;3;4;2;4;2;3;3;4;1;3;2;4;5;1;4;5;3;41;41;42;42;28
2927274281;1;2;5;2;3;2;4;1;4;5;5;4;3;5;1;3;1;2;5;4;2;4;2;1;1;1;4;1;3;5;3;5;3;2;4;3;3;5;4;5;5;4;3;5;1;4;5;4;1;5;1;1;4;4;1;4;5;1;5;1;4;4;3;36;46;49;41;36
1745518840;2;2;2;5;4;2;4;4;4;5;2;4;2;3;2;2;3;2;4;4;2;2;2;2;2;2;5;2;5;5;4;3;3;2;2;4;5;2;4;2;4;4;2;4;2;4;5;2;2;4;2;5;2;5;2;3;4;3;5;4;4;4;5;30;47;36;45;48
3282199041;2;2;3;4;2;3;3;2;5;3;4;4;3;5;4;5;4;3;2;2;5;4;2;1;1;2;3;4;3;5;5;3;2;1;2;3;4;5;4;2;5;2;3;4;5;2;3;5;3;4;5;1;5;4;2;4;2;5;4;3;5;4;1;48;46;29;36;33
2208451290;1;5;4;3;4;2;5;4;5;5;3;4;1;1;3;1;1;3;4;3;2;1;3;4;2;1;5;1;4;4;4;1;4;3;2;5;5;3;3;4;5;4;4;3;2;3;4;3;2;4;2;3;1;5;2;4;5;4;5;4;3;1;5;29;41;38;47;51
1822646011;1;2;5;4;4;1;4;5;2;4;5;3;1;2;4;1;4;1;2;4;1;1;5;2;1;1;5;1;3;3;5;1;5;2;3;5;5;4;2;2;4;3;1;2;2;2;5;4;1;3;1;3;2;5;1;4;5;2;5;1;4;2;5;20;38;36;50;51
1685205730;2;3;5;4;3;1;4;4;2;5;2;2;1;2;3;2;2;2;3;4;1;4;4;5;5;1;4;2;2;4;5;2;4;2;2;5;4;2;2;4;3;4;4;2;1;2;4;2;2;4;2;5;2;4;1;4;4;2;5;3;2;1;4;24;32;44;48;44
1741590407;1;2;5;4;3;2;3;5;3;5;4;4;2;2;2;4;2;2;4;4;2;3;4;3;3;2;4;2;4;4;4;3;4;2;4;4;4;2;3;2;4;3;1;3;2;4;4;2;2;4;2;3;2;4;4;4;3;2;4;2;4;2;3;21;38;41;40;40
2781254641;1;2;3;3;3;4;4;3;3;4;4;3;1;2;4;2;4;2;2;3;1;2;3;2;3;1;4;4;2;3;4;1;3;3;2;3;4;2;2;2;4;3;5;3;2;3;5;3;3;4;1;3;3;4;3;3;4;3;4;2;3;4;5;35;36;36;43;45
1972827681;1;2;3;5;5;1;3;3;2;5;1;3;4;1;1;1;3;1;5;5;2;3;3;3;2;1;5;4;3;5;3;3;3;2;5;3;2;5;3;5;5;1;5;5;1;3;5;4;5;5;4;4;4;4;5;1;2;5;2;1;5;4;4;44;32;45;50;36
1823111621;1;2;1;3;3;1;4;1;3;5;5;5;3;1;1;5;3;3;4;4;2;2;1;5;3;3;4;1;3;4;5;3;1;3;2;3;3;4;3;3;4;3;5;3;1;3;3;4;4;5;1;4;5;1;4;2;5;5;1;3;4;5;1;50;26;42;42;42
2357088283;2;2;2;5;4;3;4;1;3;4;5;5;4;3;1;2;2;3;4;2;2;2;2;2;1;3;4;1;2;5;5;3;2;4;3;4;5;3;3;4;5;3;5;2;2;2;4;3;4;4;1;4;3;3;1;4;4;5;5;3;4;2;5;44;40;40;44;46
2317223401;1;2;4;4;4;4;3;2;4;3;4;4;3;5;3;4;4;2;2;2;3;2;3;1;4;2;4;1;2;4;5;2;4;2;2;3;4;3;5;2;1;5;1;5;4;4;5;2;2;3;2;4;2;5;3;5;5;4;5;3;3;4;2;29;50;31;32;48
2664632411;1;2;4;4;2;3;4;2;4;5;4;4;3;3;1;4;4;2;4;3;4;2;4;2;3;1;4;2;5;5;3;4;4;3;4;4;3;4;4;4;4;3;3;4;2;4;4;2;3;3;4;4;4;4;2;3;3;2;5;2;4;3;2;32;46;45;36;42
2837539440;2;2;3;4;4;4;4;4;4;5;2;2;1;3;2;1;4;1;4;2;1;2;3;2;2;1;4;1;4;4;4;3;4;4;2;4;4;3;4;4;4;2;3;3;5;4;4;2;3;5;1;2;2;4;3;3;4;3;5;1;4;2;4;26;46;39;47;41
3479716672;1;2;4;2;3;1;3;3;3;4;3;2;3;2;3;3;3;3;4;5;3;2;3;5;2;2;3;3;3;4;2;3;3;2;2;4;4;4;3;5;3;3;3;2;1;2;4;3;4;4;4;3;3;3;4;3;3;2;4;3;3;3;3;35;28;39;39;38
1646119462;2;2;1;4;1;4;1;2;4;2;4;1;1;5;3;1;4;1;5;3;1;4;5;5;5;1;5;4;2;5;5;2;5;1;1;4;5;4;2;2;5;3;5;5;1;2;4;5;1;5;1;2;3;4;5;3;4;5;5;1;5;1;4;39;41;40;50;40
2547877494;1;2;5;5;2;2;5;4;5;5;2;4;1;1;1;1;1;1;5;2;1;1;2;1;1;1;5;1;4;5;5;1;2;1;4;5;5;4;4;4;5;5;2;5;1;1;5;1;1;5;1;5;1;5;1;2;5;1;5;1;5;1;4;23;49;49;57;55
3584396823;1;2;5;3;2;2;4;4;4;4;5;3;2;3;3;2;2;3;4;2;2;2;2;4;3;2;3;4;2;4;4;4;2;3;4;3;4;4;2;5;5;2;3;4;4;2;4;4;4;4;2;3;4;2;2;2;4;4;4;2;4;3;4;39;35;43;45;38
1291783933;1;2;1;2;1;2;2;1;2;4;3;2;5;2;4;4;1;3;4;5;4;5;2;3;1;3;2;5;2;4;2;4;1;2;4;2;2;5;2;4;4;2;5;4;3;2;3;4;5;3;4;3;4;1;2;2;1;5;2;4;4;4;1;55;24;38;36;23
1784436761;2;2;2;4;2;2;4;3;4;5;2;4;3;4;1;5;2;1;5;3;3;2;2;4;2;2;4;2;4;4;4;1;3;4;4;4;5;4;3;4;3;4;1;5;1;2;4;4;4;5;1;5;2;3;1;3;4;2;4;1;5;2;3;33;42;51;44;49
2659409681;1;2;5;3;5;2;4;3;2;5;4;4;3;1;2;2;5;2;4;5;1;1;4;4;2;1;5;3;2;4;5;4;4;5;4;4;5;2;3;2;2;5;3;3;2;4;5;4;2;4;1;4;3;4;2;3;4;4;2;2;4;3;5;32;32;40;45;51
1896027653;1;2;4;3;3;1;5;4;4;5;4;5;2;2;2;1;2;2;3;3;2;2;4;2;2;2;5;4;3;4;4;5;3;3;4;4;5;4;3;1;2;5;2;2;3;3;5;2;2;4;2;2;1;4;2;3;4;4;5;3;2;1;5;30;40;38;42;48
2101081247;2;2;5;4;5;3;4;5;5;2;3;1;1;2;1;5;1;1;1;2;2;1;5;3;5;1;4;1;4;5;5;2;5;2;2;3;5;1;3;3;4;5;1;4;2;5;5;3;1;3;1;3;2;5;1;4;4;1;5;1;5;1;2;15;46;37;41;46
1184828342;2;2;4;4;4;2;5;4;3;5;5;2;3;3;2;2;4;2;5;5;2;4;4;2;2;1;5;1;5;5;5;2;4;5;5;5;5;1;3;5;5;5;3;4;1;4;5;3;2;5;2;3;2;5;1;4;4;3;4;2;4;2;3;26;45;48;45;48
1308571342;1;2;5;3;5;1;4;3;3;5;3;3;2;3;2;1;2;2;5;3;1;2;2;2;4;1;4;2;5;5;5;5;3;3;4;4;4;3;4;4;4;3;4;3;2;1;5;3;1;4;1;3;2;5;1;4;3;2;5;2;5;5;4;31;46;45;53;37
2382637061;1;2;5;5;3;3;2;4;4;5;4;4;1;3;1;3;4;2;5;3;1;2;4;1;1;1;4;1;5;3;5;2;4;4;5;5;5;2;5;5;3;4;1;4;2;2;4;1;1;5;2;4;1;5;1;5;2;2;5;5;4;3;2;18;53;47;44;44
2700630944;2;2;3;3;4;5;5;4;1;5;1;2;1;1;3;1;1;1;5;5;3;2;3;5;1;3;4;1;3;5;2;3;4;3;1;4;4;3;2;5;1;3;4;2;1;1;3;2;5;5;1;3;1;3;5;3;4;1;5;1;1;3;3;24;26;39;38;39
2873274510;1;2;2;3;3;4;5;3;3;5;4;3;4;3;2;2;2;3;4;5;4;3;2;5;3;4;5;5;2;5;5;5;2;4;4;3;5;5;2;4;5;4;5;5;2;2;5;4;4;5;2;5;4;3;5;2;5;5;5;1;3;4;1;50;34;43;40;45
3156703701;1;2;4;3;3;1;4;4;3;4;3;3;2;2;2;2;3;3;4;2;4;2;4;3;3;4;4;2;3;4;4;2;4;2;2;3;3;3;3;2;4;3;3;4;2;2;4;3;2;3;1;3;2;3;2;3;3;2;4;2;2;2;5;28;38;39;41;42
1306611595;2;2;5;4;1;4;2;5;3;5;4;1;1;4;1;5;2;2;3;4;1;2;5;2;1;1;2;5;3;5;5;3;5;2;5;5;3;4;3;4;4;1;5;5;1;1;3;5;1;5;1;1;4;5;1;5;2;1;5;1;3;1;3;31;45;49;43;29
1497245827;2;2;1;2;3;4;2;1;2;4;4;5;5;2;1;3;2;4;5;4;3;3;1;2;2;4;4;5;3;4;4;4;1;2;5;2;4;4;2;4;4;3;5;3;1;1;4;4;4;3;2;3;4;2;2;1;1;5;1;1;1;4;1;56;27;47;37;35
1639085873;2;2;3;3;3;5;4;2;3;4;5;4;2;2;4;5;5;5;4;1;3;4;2;5;2;2;4;4;3;5;4;5;1;3;1;3;5;5;3;5;4;2;5;5;2;2;3;5;4;3;4;3;5;3;4;3;3;5;4;4;4;5;1;52;37;33;34;37
1750226457;2;2;3;3;3;3;4;3;3;5;4;5;2;3;1;4;5;2;4;3;2;2;4;2;1;2;5;1;3;5;5;2;4;3;5;4;5;2;3;3;4;4;4;4;1;2;5;2;2;5;2;4;2;5;1;3;4;3;5;1;3;2;5;28;43;47;42;53
3230234342;2;2;4;5;4;1;3;5;4;5;5;5;2;4;1;1;2;1;5;2;2;2;4;1;2;2;4;2;3;4;5;2;4;2;4;4;5;3;3;4;3;4;3;2;2;3;4;2;1;4;2;3;2;5;2;4;4;2;5;2;4;2;2;24;47;45;44;46
3037425457;1;2;5;5;5;1;5;5;5;5;5;5;1;3;1;2;1;1;5;5;1;1;3;1;1;1;5;1;5;5;5;1;4;2;2;5;5;1;5;4;5;5;1;5;2;4;5;1;1;4;1;4;2;4;2;4;5;2;5;2;5;1;5;17;50;40;49;55
1230493254;2;2;4;4;4;3;4;4;4;4;4;4;3;3;3;3;4;2;4;4;2;2;2;2;2;2;3;3;3;3;4;4;4;4;4;4;4;4;4;4;3;4;4;4;2;2;4;4;4;4;2;4;4;4;3;3;4;4;4;3;4;4;5;38;42;40;42;43
1343396344;2;2;1;1;3;3;3;2;2;5;3;3;4;1;1;2;3;2;5;5;4;3;2;3;3;2;5;2;4;5;4;4;2;4;3;3;3;4;3;5;3;3;4;3;1;4;5;5;3;5;3;5;4;4;4;3;3;4;5;3;4;4;1;46;34;45;38;40
2171849432;2;2;5;5;3;3;5;4;4;5;4;4;2;2;1;4;4;2;5;3;3;2;2;1;1;3;4;1;5;4;4;3;2;3;2;5;4;2;4;5;5;4;2;5;1;2;4;3;3;4;1;4;2;5;2;4;4;1;5;1;2;1;2;26;49;46;40;49
5019356198;1;2;1;1;1;3;1;1;3;5;5;2;4;3;1;4;5;4;4;4;4;4;1;2;1;3;1;5;2;4;3;4;1;3;5;1;1;5;1;3;5;1;5;4;2;4;1;5;5;5;5;1;5;1;2;1;1;5;5;4;2;2;1;58;30;45;30;22
5303444036;1;2;5;3;3;3;3;3;4;2;4;3;2;3;3;2;3;3;2;3;2;2;4;2;2;2;3;1;3;3;4;3;4;2;3;3;4;3;4;2;3;3;3;3;4;2;4;3;2;3;3;3;2;4;3;3;3;2;5;1;4;2;2;27;42;33;41;40
2407042901;1;2;2;4;3;5;2;1;3;3;3;2;4;5;3;2;2;3;1;5;3;3;2;2;1;1;4;3;5;2;3;2;2;5;4;3;4;4;5;3;3;3;4;1;5;3;2;4;3;2;5;2;5;2;4;3;1;1;2;4;2;5;1;45;40;29;34;30
1589874097;2;2;3;5;3;2;2;2;5;5;4;3;2;4;3;5;4;3;3;2;4;4;2;2;1;1;4;5;5;5;4;3;4;4;4;4;4;4;4;4;4;4;5;5;4;4;4;5;3;3;3;3;3;4;3;3;3;4;4;4;2;5;2;44;51;34;36;37
1196045420;1;2;4;1;2;4;3;1;3;5;4;5;1;4;1;5;5;4;5;5;5;2;1;1;2;5;2;5;2;5;4;4;1;3;1;1;2;3;1;2;2;2;5;2;1;2;2;5;5;5;1;2;2;2;1;2;4;4;2;2;2;2;1;46;27;44;29;37
2330298553;1;2;5;5;4;2;3;4;5;5;2;3;1;3;3;2;4;2;4;3;2;4;5;3;4;1;4;1;3;3;4;3;4;3;5;4;4;2;4;4;4;3;2;4;2;2;4;3;1;5;1;2;2;5;3;3;2;2;5;3;3;2;2;21;48;45;48;38
1769988322;1;2;3;2;2;1;4;2;5;3;2;2;5;3;2;5;2;3;2;1;1;4;1;2;5;1;5;4;2;5;4;4;2;4;5;4;4;4;3;1;4;2;5;4;5;1;3;5;5;3;2;2;5;3;1;2;3;1;3;1;3;2;1;48;39;39;48;35
1733888965;2;2;4;3;2;3;3;4;3;4;4;3;2;3;3;3;4;3;4;3;4;4;2;4;4;3;3;3;2;2;3;4;2;3;2;3;3;4;2;3;3;2;3;4;2;2;3;4;4;4;3;3;4;3;2;3;3;4;4;3;3;2;3;39;34;43;35;35
2833101582;1;2;2;4;3;3;3;3;3;4;4;3;3;2;1;3;2;2;4;3;2;2;4;2;2;3;4;3;2;3;5;3;3;3;4;4;4;3;2;2;3;3;4;3;3;3;3;4;3;3;2;2;4;3;2;2;4;3;5;2;3;2;3;38;37;41;41;39
2798203641;2;2;5;3;4;3;5;4;2;4;3;4;2;3;1;1;1;2;4;2;2;1;2;1;2;2;2;1;4;4;5;3;4;4;3;3;4;2;2;4;2;4;3;2;2;1;5;2;2;3;2;4;1;4;2;3;4;2;5;1;2;1;5;24;42;42;43;46
2772110762;2;2;3;4;2;3;2;3;5;5;2;4;2;3;2;1;3;2;5;3;3;4;2;3;1;1;5;4;5;5;5;5;2;1;4;3;4;3;3;3;4;3;5;4;2;2;5;5;1;4;3;4;5;4;1;3;3;1;4;1;2;1;3;41;44;45;44;41
2990737520;1;2;3;4;2;3;2;2;3;4;5;5;4;4;5;3;3;3;4;3;2;4;2;2;2;3;4;5;1;5;5;4;3;4;2;4;4;4;3;4;5;2;5;5;2;4;5;5;4;3;2;2;3;3;4;2;2;5;5;2;4;4;1;48;41;35;42;35
1275630994;1;2;3;3;3;2;2;1;3;5;4;4;3;5;3;5;5;3;5;2;4;5;1;1;1;3;2;2;2;5;5;5;1;5;5;4;2;4;3;2;3;1;5;2;3;2;3;4;4;3;3;4;3;3;3;4;3;4;5;5;4;3;1;46;42;35;37;31
2531506324;1;2;2;2;5;5;1;3;1;5;4;2;1;5;5;2;2;4;1;5;2;4;4;3;5;1;5;5;4;4;1;5;3;1;2;1;3;5;1;4;1;2;1;1;4;4;5;5;2;3;1;2;5;4;5;5;1;5;5;1;1;3;1;43;32;32;28;29
1957094700;1;2;5;4;2;2;4;3;5;4;4;4;2;3;4;2;4;2;4;2;2;4;4;1;1;1;4;3;3;4;4;3;4;3;4;4;4;3;4;4;3;2;3;3;3;3;3;2;2;4;1;2;3;5;3;3;4;4;5;4;2;2;2;30;48;37;43;40
2075411961;2;2;4;4;2;1;3;2;4;4;1;3;3;4;1;3;2;1;4;4;1;4;1;1;3;1;4;1;1;3;5;5;2;1;4;4;4;1;1;4;3;2;4;2;2;4;4;1;3;4;1;4;1;4;3;3;1;2;5;3;3;2;4;29;36;45;48;34
1276737064;1;2;3;4;2;2;4;2;3;5;2;4;3;3;4;2;3;1;4;4;1;2;3;3;2;1;5;4;3;4;4;4;3;4;3;3;5;3;3;5;4;3;4;3;2;1;5;4;5;5;1;5;3;3;1;3;3;3;3;2;4;3;4;38;35;45;50;46
1164286974;2;2;5;3;3;4;4;5;5;5;5;5;1;3;1;3;2;3;5;4;5;2;5;3;1;2;5;2;4;4;4;3;5;4;2;5;4;2;5;5;3;4;1;5;1;4;5;1;1;5;1;4;1;5;2;4;4;2;5;1;4;2;2;17;49;47;36;48
2251667024;1;2;4;5;3;3;4;5;4;5;4;3;1;3;4;4;1;2;5;2;1;1;4;1;1;1;5;1;4;5;5;1;4;2;4;4;3;4;2;2;4;5;1;3;5;2;5;3;1;3;1;2;4;4;4;4;4;3;4;2;4;3;2;26;45;33;45;45
3156644171;2;2;4;4;4;2;4;2;4;4;4;2;4;2;5;1;2;1;1;4;1;4;4;4;2;1;4;1;2;4;5;3;4;3;2;5;4;3;3;5;4;2;3;4;2;2;4;2;2;4;1;3;3;4;1;4;4;5;5;3;2;2;4;32;39;35;48;38
2403570025;1;2;5;1;3;4;5;4;4;5;5;5;4;3;3;5;1;3;3;5;3;1;5;1;1;3;5;1;4;5;5;4;5;5;5;4;4;4;4;4;3;5;2;5;1;5;5;1;4;5;1;5;1;4;4;4;4;4;2;4;4;1;5;25;40;39;34;51
2708348393;2;2;1;3;5;1;3;1;2;5;2;3;4;2;1;1;3;2;5;5;3;4;2;4;2;1;4;1;4;5;5;5;2;2;2;4;2;4;4;4;4;4;2;2;2;2;5;1;2;4;2;2;5;3;4;3;3;4;4;4;4;4;4;41;33;37;50;34
2492334241;2;2;4;5;2;1;5;5;5;5;2;3;2;4;1;1;3;2;5;3;2;2;4;2;1;1;4;1;3;4;5;2;4;3;2;4;4;3;5;5;3;4;2;5;1;3;4;1;1;5;1;4;1;5;1;5;4;4;5;2;4;2;2;23;52;48;48;47
2088818713;1;2;2;2;2;4;4;3;3;5;5;5;2;5;2;3;1;5;3;4;4;2;2;3;1;4;5;1;4;5;4;4;3;4;1;3;5;4;5;5;3;5;1;5;2;2;5;3;1;5;5;4;5;4;2;4;4;3;3;5;5;2;5;38;45;38;32;48
3158646423;1;2;4;5;5;4;3;3;5;5;4;3;2;3;3;3;2;2;3;2;2;3;4;2;2;1;4;3;2;4;4;2;4;4;5;3;4;3;5;3;5;4;4;4;3;4;5;4;3;4;2;3;4;5;2;3;4;4;5;4;5;4;2;35;49;37;42;41
2819172460;1;2;2;3;2;3;4;4;2;5;4;4;2;1;3;4;3;2;4;4;3;4;2;4;2;2;5;2;4;4;4;4;2;3;2;4;4;4;3;5;4;2;4;4;1;1;4;4;3;5;3;4;3;3;1;2;4;3;5;3;4;3;3;38;35;45;42;41
5028457102;2;2;3;4;4;3;4;4;3;5;3;3;2;3;2;2;4;3;4;3;3;3;3;3;4;2;4;2;3;4;4;2;3;2;2;3;4;2;2;4;3;4;1;3;2;3;4;3;2;3;2;3;2;3;2;2;2;2;4;2;4;2;5;28;37;42;42;43
1960593567;2;2;4;3;3;2;3;4;2;2;3;3;2;2;2;4;3;2;2;4;2;3;2;4;5;3;5;3;3;4;4;3;3;3;4;3;4;4;3;2;4;3;4;4;2;2;4;3;4;4;3;4;4;2;3;3;3;4;4;2;2;4;5;37;32;39;39;40
1763539047;2;2;4;4;3;3;4;2;4;5;5;5;1;2;4;1;1;1;5;1;2;2;2;3;4;2;5;2;4;5;4;2;3;3;2;4;4;4;4;4;5;4;3;5;2;3;4;4;3;4;2;2;4;4;1;3;4;4;4;1;4;2;2;36;45;44;44;45
1095108311;1;2;5;4;2;2;5;4;3;5;2;5;1;2;1;2;1;2;5;4;1;1;5;4;2;1;5;1;4;5;5;1;5;4;4;4;4;2;4;2;4;5;2;5;2;1;5;1;1;2;2;4;1;5;2;4;5;2;5;2;4;2;5;17;45;42;50;53
1288194595;1;2;4;4;2;2;4;3;4;5;2;3;2;1;1;3;2;1;5;2;2;1;4;1;1;1;4;3;5;5;4;3;3;4;5;4;4;5;4;3;5;2;5;3;1;1;5;5;2;5;2;4;4;5;1;3;3;4;5;3;3;2;2;39;48;47;48;43
1612988123;2;2;2;3;2;3;3;2;3;3;2;3;4;3;4;3;2;4;3;3;3;2;2;2;2;2;3;4;2;3;3;4;2;2;3;3;3;4;3;3;3;3;4;3;2;4;3;4;3;3;4;3;3;3;2;3;3;5;3;2;3;2;1;48;35;38;36;36
1939072531;2;2;5;5;5;5;5;1;1;5;1;1;1;1;5;1;5;1;5;5;1;1;1;1;5;1;5;1;1;5;5;5;5;5;1;5;5;5;1;4;4;1;5;1;1;5;5;1;5;5;1;5;1;5;5;5;5;5;5;1;5;1;5;32;32;39;47;48
1644884345;2;2;3;3;5;2;3;3;3;3;3;4;3;3;4;4;3;3;3;2;4;4;3;3;3;3;2;3;4;3;3;2;4;4;4;4;4;3;3;3;3;3;3;3;3;3;3;3;3;3;3;3;3;3;3;3;3;3;3;3;3;3;2;35;39;34;36;37
3104847557;2;2;2;3;3;2;3;2;3;4;4;2;4;2;1;4;2;4;4;4;2;4;4;2;4;4;4;4;2;4;2;2;2;2;4;3;2;3;4;3;4;3;3;4;2;4;3;3;3;3;3;2;4;3;5;3;2;4;4;3;4;3;1;43;36;40;35;32
1205760787;2;2;5;4;2;1;4;3;3;4;3;4;1;2;4;1;2;2;4;4;2;2;3;2;4;1;5;2;4;4;5;4;4;3;2;4;5;4;2;4;4;4;3;4;1;1;5;3;1;4;1;4;2;4;2;4;4;1;4;3;4;2;4;27;41;42;51;47
1993430057;2;3;3;3;4;4;4;2;5;5;4;3;2;5;3;4;3;4;4;3;5;4;2;3;4;5;5;4;3;4;5;4;1;3;5;5;4;5;4;1;5;3;5;4;5;5;4;4;3;3;1;5;3;5;5;3;3;5;5;5;2;4;1;48;46;32;34;40
3206193355;2;2;3;4;2;2;3;3;4;5;5;2;2;2;1;4;4;2;4;3;2;4;4;3;3;1;4;2;4;3;3;3;4;2;2;4;3;3;4;5;4;2;3;3;1;2;3;3;3;4;3;2;4;4;1;2;2;2;5;3;2;4;3;31;41;48;40;32
3147959571;1;2;1;1;5;3;4;1;1;5;3;4;4;1;1;2;2;2;5;4;5;2;2;4;2;2;5;4;4;5;4;5;1;4;1;4;5;4;1;5;4;2;5;2;2;1;4;4;5;5;2;4;1;1;5;4;4;5;1;1;4;2;1;48;21;40;42;43
1527244813;1;2;1;1;3;4;2;1;1;5;5;1;4;2;2;4;5;2;5;5;4;5;1;4;2;1;4;4;1;3;3;4;1;1;4;2;3;5;1;4;5;1;3;3;1;1;2;5;5;5;3;3;5;1;1;2;1;4;3;2;1;4;1;52;18;49;35;27
2607276894;1;2;4;4;2;2;3;4;2;5;2;4;3;2;2;2;3;2;5;5;3;3;3;4;1;2;5;3;3;4;4;3;3;2;3;4;4;4;3;2;4;2;4;3;2;4;3;3;3;4;3;3;2;4;4;2;3;4;5;2;4;3;4;35;34;40;44;39
2756713443;2;2;1;4;1;5;4;3;5;5;4;4;3;1;5;5;4;3;2;1;1;2;1;1;1;1;2;3;3;5;5;1;3;2;1;4;5;4;5;2;4;2;5;4;1;1;1;4;5;5;1;5;2;4;4;2;2;2;5;1;1;2;2;42;44;35;42;42
2252367835;1;2;4;5;4;4;4;4;3;2;5;4;2;3;5;2;1;2;3;4;3;3;3;4;4;1;5;2;4;5;3;4;2;3;2;3;4;4;2;4;5;3;3;4;4;2;5;2;1;5;2;5;2;3;2;4;4;1;5;3;2;4;5;29;41;33;38;42
2104220462;2;2;3;4;2;2;2;2;4;5;3;2;2;3;3;2;2;2;4;3;4;4;3;4;4;1;5;3;4;4;4;3;2;2;2;3;5;1;4;4;4;3;3;4;3;3;4;4;2;3;2;3;2;4;1;1;4;3;4;1;4;3;4;34;42;44;45;38
1770154187;2;2;4;4;3;5;4;4;4;5;5;4;3;3;3;4;3;3;4;3;2;2;1;2;4;1;4;4;4;4;5;2;2;3;3;3;5;2;3;3;4;3;4;4;4;2;4;5;5;4;5;4;5;2;5;3;3;5;4;3;4;4;1;44;39;37;37;44
3162589741;1;2;3;4;2;3;4;2;5;4;4;2;3;2;1;3;2;3;4;3;3;2;2;2;4;3;3;1;2;4;4;4;2;4;4;4;3;4;4;4;3;2;2;2;3;3;4;2;2;3;4;4;3;2;3;4;4;4;4;3;2;4;3;37;40;43;34;36
3721351994;1;2;4;4;2;1;5;2;3;5;4;4;2;2;2;2;2;1;4;4;3;1;3;2;1;1;5;1;4;4;4;4;3;2;4;4;5;2;2;2;4;5;5;5;1;4;5;2;1;5;2;4;2;5;1;4;4;4;5;2;2;2;5;31;43;45;41;50
1909874523;2;2;4;5;4;3;4;2;4;5;4;5;3;4;2;3;4;2;3;3;1;3;4;2;2;1;4;4;4;4;3;4;4;3;3;4;4;2;2;3;4;4;4;4;2;2;5;5;4;4;3;4;2;3;3;2;3;4;4;1;3;2;5;36;42;40;43;46
2462347371;2;2;3;3;4;4;4;2;4;5;2;2;2;4;2;2;4;4;5;2;1;2;1;2;1;2;5;2;2;5;5;1;1;3;4;4;5;2;4;5;5;4;5;5;2;2;4;4;4;4;2;4;2;4;2;3;4;4;3;5;4;2;5;42;42;40;48;49
3229952712;1;2;3;2;2;2;2;2;2;2;3;3;3;4;4;5;2;2;2;3;3;3;3;3;2;3;3;3;3;3;2;2;2;3;3;3;3;3;3;3;3;3;3;3;3;2;2;4;4;4;4;4;3;3;3;3;3;2;2;2;2;2;1;37;33;35;33;36
2249428857;2;2;1;5;4;4;5;4;5;5;5;5;2;3;3;1;5;1;3;3;1;5;3;3;1;1;5;3;5;5;5;1;3;3;3;5;5;1;3;3;5;5;1;5;3;5;5;1;1;5;2;5;1;5;5;3;5;5;5;1;5;1;5;28;50;35;46;56
1665443850;2;4;5;3;3;3;5;5;5;3;3;4;1;4;2;1;1;2;2;3;1;5;3;1;3;1;1;1;4;5;5;3;4;1;1;3;5;1;5;3;3;3;1;5;1;3;5;1;1;5;1;5;1;5;3;5;5;2;3;3;3;3;2;17;48;36;44;41
1682137950;2;2;1;1;1;1;1;1;1;1;1;1;1;1;1;1;1;1;1;1;1;1;1;1;1;1;1;1;1;1;1;1;1;1;1;1;1;1;1;1;1;1;1;1;1;1;1;1;1;1;1;1;1;1;1;1;1;1;1;1;1;1;4;28;24;36;44;24
2402262631;2;2;4;3;4;2;3;3;4;4;2;2;2;4;3;3;4;3;3;3;2;3;4;3;3;1;3;4;3;4;3;3;4;3;3;4;4;4;4;5;3;2;2;3;2;5;4;4;2;4;2;3;4;4;1;2;3;2;4;2;3;2;2;34;42;42;42;38
1475120274;2;2;5;4;3;3;4;4;5;5;4;3;2;3;2;3;2;3;5;4;3;3;4;4;4;2;5;1;4;4;4;3;4;3;4;4;4;3;5;4;4;4;2;5;1;2;5;2;1;5;3;4;1;5;3;4;4;1;4;2;3;1;3;22;47;48;39;46
2745972251;2;2;1;3;3;2;3;2;5;4;5;3;4;5;2;1;4;2;5;3;1;4;1;2;1;1;5;5;2;5;5;4;2;1;5;5;4;4;5;1;5;2;5;3;4;4;3;5;3;5;3;3;3;4;1;2;2;5;5;1;4;4;1;51;43;41;48;35
2697311927;1;2;4;4;3;2;4;3;4;5;4;3;2;3;2;2;4;1;5;3;1;2;3;2;2;1;5;3;3;4;4;2;3;3;2;4;4;3;4;4;2;4;2;5;1;2;5;2;2;4;2;4;3;4;1;4;4;2;4;2;3;2;5;29;45;45;43;49
1777045883;2;2;4;2;5;4;5;4;5;3;3;4;2;2;2;4;1;1;2;3;2;1;5;2;2;1;3;2;4;4;5;4;4;3;5;4;5;2;4;2;2;4;2;4;1;2;4;1;1;2;1;4;1;4;3;3;4;2;3;1;4;1;5;20;43;36;43;46
1707298027;2;2;1;1;1;5;2;2;3;5;1;3;1;3;1;5;1;5;3;4;5;4;2;4;2;1;5;5;4;4;4;4;2;3;1;2;1;5;4;3;3;2;4;3;4;5;5;5;5;2;5;2;5;2;2;2;2;5;5;1;2;3;1;52;33;39;30;30
1751053301;2;2;2;2;2;4;3;2;2;4;2;2;3;2;4;4;4;2;3;3;2;2;2;2;1;2;3;4;2;4;4;4;2;3;4;4;4;4;3;4;4;3;4;4;2;2;3;2;3;4;3;4;4;3;4;3;3;4;5;2;3;4;1;43;36;38;41;37
2342053353;1;2;3;4;2;2;5;2;4;5;2;4;3;3;2;2;2;2;5;4;4;3;3;2;2;4;4;3;4;4;3;3;2;2;3;4;4;2;3;5;5;4;3;4;1;2;5;3;3;5;2;4;2;3;2;3;4;2;2;2;4;4;3;34;38;48;43;44
1401375075;2;3;4;5;4;3;4;4;4;4;4;5;2;1;3;3;1;2;3;3;2;1;4;3;4;1;4;1;2;5;4;2;4;3;5;4;4;3;3;4;4;3;2;3;1;2;4;2;4;4;2;4;3;4;2;4;4;2;4;2;3;2;5;25;37;43;42;46
1640001947;1;2;5;5;3;5;5;4;5;5;5;3;1;4;1;4;1;2;5;2;1;1;4;1;1;1;5;1;3;4;5;1;5;2;5;5;5;2;5;5;5;5;2;5;1;4;5;1;1;5;3;5;1;5;1;5;5;1;5;1;3;1;5;17;53;51;38;54
2006957653;2;2;1;5;1;5;1;5;5;5;1;5;1;5;1;3;5;1;5;5;1;1;1;1;1;1;5;1;1;5;5;1;1;1;5;5;5;1;5;5;1;5;1;5;1;1;5;1;1;5;5;5;5;1;1;1;5;5;5;1;5;5;3;32;44;52;46;52
2486790254;1;2;4;4;2;2;5;4;4;4;4;4;1;3;1;3;1;2;5;4;3;1;2;2;2;1;4;1;3;4;5;2;3;5;5;4;5;1;3;5;3;5;1;3;1;3;5;2;2;5;3;4;2;3;2;5;5;1;4;2;3;2;5;22;42;50;39;51
2418992491;2;2;1;4;2;4;2;2;5;5;4;5;3;2;2;1;2;3;4;4;1;5;2;5;1;1;5;4;2;5;4;4;2;4;2;4;4;4;2;2;5;2;1;2;2;1;5;5;4;4;2;4;4;3;2;2;4;4;5;2;4;4;4;45;34;39;49;38
1195689484;1;2;2;4;4;3;4;3;2;4;4;4;2;1;1;2;4;1;5;3;2;1;4;4;2;1;5;1;2;4;3;1;3;2;1;4;4;4;3;3;5;4;4;3;3;2;4;2;3;3;1;2;1;3;2;2;4;4;4;2;4;1;5;31;32;38;47;50
3845416289;2;2;4;3;5;1;4;3;2;5;5;5;1;1;2;1;1;1;5;4;1;1;3;2;2;1;5;1;4;5;5;3;3;3;1;4;5;1;2;4;2;5;2;4;2;5;5;1;1;4;1;4;1;3;3;4;5;2;2;3;4;2;5;21;35;37;44;51
3291825714;1;2;2;4;3;2;3;2;3;4;3;4;4;2;3;4;4;3;4;3;3;4;2;2;2;2;4;4;3;2;3;4;2;2;2;3;2;4;3;2;3;2;5;4;2;2;3;5;3;3;3;2;5;3;2;2;3;4;3;4;3;3;1;50;37;37;39;34
1829054035;2;2;4;3;2;2;4;4;4;4;4;4;2;2;2;3;4;2;3;3;2;2;4;2;2;2;4;2;4;4;4;4;4;3;2;4;3;4;4;4;4;4;4;3;2;3;4;2;2;4;2;3;3;4;2;4;4;3;4;2;3;3;5;30;42;41;41;43
2627267103;2;2;3;3;3;4;3;2;3;5;3;3;3;2;1;2;3;3;4;3;2;3;1;3;1;2;4;5;3;5;5;2;1;3;3;4;5;3;3;3;3;1;4;4;3;3;3;2;1;4;3;1;5;1;5;1;3;5;3;2;3;3;1;47;36;37;43;36
1494777883;2;5;5;3;4;2;4;5;4;4;4;3;1;2;4;2;1;2;2;4;1;1;5;4;2;1;2;1;4;4;4;4;4;2;4;4;4;4;3;3;4;4;3;4;2;4;4;2;1;4;2;2;1;5;2;4;4;1;4;1;2;3;4;20;40;38;42;38
1925134383;2;2;4;2;4;4;4;4;5;3;4;3;2;3;2;4;2;4;2;4;4;3;2;3;4;2;4;2;4;4;4;4;4;4;3;3;4;3;4;3;4;4;4;4;2;4;4;2;2;4;3;4;3;4;3;4;4;4;4;4;4;3;2;34;43;36;34;41
5340139955;2;2;5;4;3;2;3;3;5;4;2;4;3;4;3;3;4;4;3;4;3;4;3;4;3;2;3;4;3;2;3;4;3;2;3;4;3;2;3;5;4;3;3;4;3;2;3;4;3;2;3;4;4;4;3;3;3;4;3;3;4;3;4;38;39;39;43;37
5318592860;2;2;3;5;4;4;4;4;5;4;5;5;2;4;1;4;1;1;5;2;4;2;2;2;5;1;4;1;4;5;3;3;3;4;4;4;4;4;4;4;5;3;1;5;1;4;5;1;4;5;2;5;4;4;2;2;4;2;5;1;4;1;2;28;50;49;38;47
2363704640;2;2;4;4;4;3;4;5;3;3;4;3;1;2;3;3;3;2;2;3;2;2;3;2;2;2;4;3;3;4;5;2;3;3;3;4;4;3;3;3;3;3;3;4;3;2;4;2;2;3;1;3;2;4;2;3;3;1;3;3;3;2;4;26;40;33;43;43
2799197674;1;2;5;3;3;3;3;4;3;4;5;3;1;3;5;3;3;1;2;1;1;4;4;4;5;1;5;1;4;5;4;2;5;5;3;5;5;3;3;2;5;3;1;4;4;3;5;3;2;3;1;4;2;4;1;2;3;2;5;3;3;1;4;20;45;34;46;45
1870951352;2;1;3;2;2;2;3;1;1;3;2;1;1;2;5;2;3;3;1;4;4;4;3;4;4;3;3;4;3;3;3;3;3;3;4;1;3;4;1;2;5;3;5;3;2;2;3;4;4;4;4;5;4;2;5;4;4;1;1;1;4;3;1;40;24;36;38;36
1651884597;1;2;4;4;4;3;4;4;4;4;3;3;3;2;2;1;3;2;4;4;2;3;4;3;2;1;5;3;2;4;4;1;3;3;2;4;5;2;1;4;4;4;3;4;3;4;4;3;3;4;2;3;3;4;2;2;4;4;5;3;2;2;5;32;37;38;44;47
1507800613;2;2;3;2;2;2;4;3;3;3;4;2;3;2;2;2;3;2;4;2;3;4;2;4;4;2;5;4;5;5;5;4;2;4;2;3;4;4;2;4;3;2;4;3;2;2;4;4;4;4;2;3;4;3;2;3;2;3;5;1;3;2;3;42;37;43;42;37
5141203430;1;2;2;2;3;5;4;2;1;4;2;4;5;3;1;2;2;3;2;1;4;5;4;5;3;2;4;3;2;1;1;3;2;4;5;3;2;2;4;3;5;2;2;3;1;3;4;4;5;5;2;4;4;1;2;1;4;4;4;2;4;1;3;41;31;48;40;39
1961713143;2;2;3;2;1;4;2;3;4;5;4;4;2;5;1;5;4;4;4;1;3;3;2;2;3;3;4;1;3;5;5;4;3;3;5;5;3;2;4;3;5;2;5;4;1;2;3;3;2;3;4;4;4;4;1;5;4;2;4;1;5;2;3;36;46;49;38;39
3225869805;2;2;4;3;4;3;4;2;3;4;2;3;2;4;3;2;4;2;2;4;2;3;3;3;4;2;4;4;2;4;4;4;4;4;3;4;4;3;3;3;3;3;3;4;4;3;4;3;4;4;2;4;3;4;2;3;3;2;3;2;4;4;4;33;37;37;44;40
2028964017;1;2;2;3;5;1;5;3;4;5;5;4;2;2;2;1;1;1;4;4;1;2;2;2;1;1;5;1;4;5;5;3;3;2;5;4;5;2;3;4;5;4;2;5;1;1;5;1;1;5;1;3;1;3;1;4;5;2;5;2;4;2;4;26;42;44;51;48
3210377557;1;2;4;4;4;2;5;3;4;4;4;4;4;4;4;4;4;4;4;4;4;4;4;4;4;4;4;4;4;4;4;4;4;4;4;4;4;4;4;3;5;3;3;3;3;4;4;2;2;3;3;3;3;3;3;3;3;3;3;3;3;3;2;36;41;37;36;41
1349111362;2;2;4;3;2;2;3;5;4;5;2;4;2;4;2;4;3;3;4;1;3;2;4;2;4;2;4;3;4;4;4;4;4;4;3;3;4;4;4;4;4;4;4;4;2;2;4;4;2;4;2;3;4;4;4;4;4;2;4;4;4;4;2;33;48;42;42;41
1995259105;2;2;2;4;2;1;2;1;3;3;4;4;3;2;4;2;4;1;2;3;2;4;2;2;3;2;4;3;2;5;4;4;2;2;4;4;3;4;3;3;4;3;4;4;3;4;4;3;4;4;3;2;4;3;2;3;2;4;4;1;5;2;4;43;36;38;44;36
1732429702;2;2;5;4;4;3;4;5;5;3;4;4;3;4;5;3;2;1;1;3;1;1;3;1;2;1;5;1;5;5;5;3;2;2;3;5;5;4;5;4;5;5;4;4;5;1;5;2;1;4;1;4;1;5;5;5;5;4;4;3;5;2;2;29;51;26;49;51
1770060571;2;2;5;3;5;4;5;5;3;5;4;5;2;2;1;2;2;1;5;4;4;1;5;2;2;2;5;1;2;5;5;4;5;3;5;5;4;3;5;3;4;5;2;5;2;2;5;1;1;5;4;4;1;5;2;4;5;2;5;2;2;2;5;17;44;44;38;51
2710919673;1;2;3;3;3;3;3;4;2;5;5;5;1;2;1;1;1;4;4;3;3;3;2;1;2;3;5;4;2;4;3;4;2;2;2;2;5;4;1;1;4;2;4;2;3;1;4;4;4;4;2;2;4;3;2;2;3;2;3;2;2;4;1;40;30;39;39;37
2805610221;1;2;4;4;3;3;3;2;4;4;4;2;3;3;2;4;4;3;5;3;4;2;4;5;2;2;4;2;4;4;5;4;4;2;4;5;4;4;4;2;5;3;5;5;1;4;3;4;2;5;4;4;4;5;2;4;3;2;5;4;2;2;2;37;44;42;36;40
2108418955;2;2;4;4;5;4;4;3;3;3;4;2;2;2;4;2;4;3;2;4;5;2;5;4;1;5;4;1;4;4;3;2;4;2;2;4;4;3;4;2;5;2;3;4;2;2;4;2;2;4;1;3;2;5;1;4;4;2;5;4;4;2;5;26;41;30;37;43
1654757113;1;2;2;2;2;2;2;2;3;5;3;3;3;3;3;2;3;4;5;3;2;3;2;4;3;2;3;5;2;5;4;4;2;3;3;3;4;4;2;4;5;2;4;3;5;3;3;5;3;4;4;2;5;2;3;1;4;5;4;2;3;2;1;51;32;40;44;35
5626558798;1;2;3;4;1;4;5;2;3;5;4;3;1;2;1;2;3;1;5;4;3;2;2;4;4;2;5;1;3;2;2;2;2;2;5;4;4;2;3;4;5;3;4;5;1;3;5;2;1;5;2;5;3;5;2;4;5;3;5;2;4;3;3;32;41;55;39;49
1281471667;1;2;4;3;2;1;1;4;4;4;4;1;2;4;3;1;4;4;3;2;5;4;3;4;2;1;4;4;3;4;4;3;4;2;2;3;4;4;4;3;4;2;1;4;2;3;2;4;1;4;4;1;3;5;4;1;2;2;5;2;4;2;2;33;45;37;43;30
2612151642;2;2;1;1;4;4;3;1;1;5;5;5;4;4;2;5;2;4;5;4;2;2;1;1;1;2;4;5;2;5;5;2;1;2;2;4;5;4;2;4;4;2;5;4;2;2;4;5;5;5;2;4;5;2;2;2;2;5;4;1;2;4;1;57;30;42;39;41
5369154985;2;2;2;4;4;5;1;1;1;5;5;2;4;4;4;4;5;2;5;4;2;4;1;1;1;1;5;5;3;1;5;5;1;4;1;4;2;5;5;5;5;3;5;5;1;1;5;5;5;5;1;4;5;3;5;2;2;1;1;1;1;1;1;51;38;42;42;37
1178008717;1;2;5;3;5;3;5;3;4;5;4;5;3;2;4;4;2;2;5;4;2;2;3;3;2;1;5;4;4;5;5;2;3;3;2;3;5;3;4;5;3;4;4;5;2;4;5;4;4;5;1;2;2;4;2;3;4;4;5;4;2;4;5;36;41;38;39;47
1691144147;2;2;5;4;2;3;3;3;2;4;3;3;2;4;2;4;2;2;5;4;2;3;4;3;3;2;4;2;4;4;4;2;4;4;4;4;4;4;4;4;4;4;4;4;4;2;4;4;2;4;2;3;3;4;2;3;3;4;4;1;3;3;3;33;43;45;42;40
1988788063;2;2;2;4;2;4;4;2;2;4;4;4;4;2;2;3;3;3;3;3;3;3;3;4;2;3;4;2;2;4;4;2;2;2;2;4;4;4;2;4;3;4;4;4;2;2;4;3;3;3;3;3;4;3;2;3;4;4;4;2;2;4;1;43;33;40;36;43
1697537074;2;2;1;4;2;4;3;2;2;3;4;2;2;2;5;1;4;2;1;4;2;3;2;5;3;3;4;4;3;5;3;4;2;2;2;3;3;3;4;5;4;3;1;2;1;1;4;5;3;5;4;3;5;4;1;3;3;4;4;3;4;3;1;43;33;38;40;37
3215755015;2;2;3;1;2;2;4;4;3;5;4;5;1;4;1;3;2;2;5;4;1;1;1;1;3;1;5;1;3;5;5;1;2;3;5;4;5;3;3;3;4;4;2;3;2;2;4;2;2;4;3;5;3;3;3;5;4;3;4;3;4;2;5;31;38;45;44;52
2469681332;1;2;3;4;4;4;5;2;4;5;2;5;2;4;5;4;2;1;5;2;1;1;5;1;1;1;4;4;5;5;5;4;2;5;5;5;5;2;3;3;5;5;5;5;4;2;5;4;1;4;1;4;3;4;1;4;4;2;5;3;2;1;2;35;53;37;46;51
1751055682;1;2;3;4;2;2;3;4;4;5;4;1;3;3;3;4;4;1;4;3;2;3;2;4;2;2;3;4;4;4;4;4;3;4;5;5;4;4;3;2;4;4;3;4;4;3;4;4;5;4;2;3;3;4;2;4;3;3;5;2;4;3;4;37;41;41;42;37
2233569661;1;2;3;3;3;3;2;3;1;3;4;5;3;1;1;1;3;2;5;4;1;3;2;3;1;1;4;4;2;2;4;4;2;3;2;3;4;4;2;2;5;3;5;3;4;1;4;3;3;2;1;3;2;3;1;3;2;2;5;1;3;4;4;39;31;39;48;37
5380895667;2;2;4;3;3;4;5;4;4;4;4;5;2;3;5;1;1;2;4;3;2;2;3;5;3;1;4;1;3;4;5;4;4;3;4;5;5;1;4;4;4;3;2;5;1;2;5;4;1;5;5;4;2;4;1;5;5;2;5;1;5;2;5;25;43;45;43;47
497579069;2;2;4;4;3;1;4;4;4;4;2;4;2;2;4;2;2;2;3;2;2;2;2;1;2;1;5;2;4;4;4;2;3;3;2;4;4;3;4;3;4;4;2;4;2;2;4;2;2;4;2;4;2;3;2;4;4;2;4;3;4;2;4;28;45;36;48;47
1828368054;1;2;5;5;1;5;1;5;4;5;5;1;4;2;5;5;5;1;1;5;5;2;3;5;5;4;5;4;1;4;5;4;5;1;5;5;1;5;1;5;5;1;5;4;1;5;3;3;1;5;1;5;3;4;1;4;3;1;5;1;5;3;3;32;34;49;34;34
3087055133;2;2;2;4;1;5;2;2;3;4;5;4;4;4;2;5;2;2;4;3;2;1;1;1;2;2;4;4;1;2;4;4;2;4;4;4;4;4;5;2;2;2;4;4;1;4;4;1;2;4;4;4;4;4;1;3;1;2;5;1;4;4;3;42;46;48;32;36
1960981867;2;2;3;4;2;4;3;2;3;4;2;3;4;3;1;3;2;4;5;4;3;4;1;5;1;2;4;2;2;2;2;3;1;2;2;3;3;4;3;4;4;3;4;4;4;2;4;4;5;5;3;2;5;3;3;2;3;4;4;3;4;1;1;48;32;42;40;37
3174345533;1;2;4;2;5;4;2;2;4;5;4;2;4;4;1;5;5;2;5;4;5;5;2;1;2;4;4;5;1;5;2;5;2;5;3;3;2;5;4;1;2;2;5;4;1;5;4;5;4;5;1;2;4;4;5;2;2;5;5;1;5;5;1;49;42;39;30;28
3122587344;1;2;4;2;1;3;1;3;3;2;3;3;3;2;3;1;3;2;3;3;1;3;3;3;4;1;3;3;2;5;5;4;3;2;2;4;2;5;3;1;5;3;5;5;4;1;3;4;4;4;1;3;3;5;3;3;3;3;5;3;3;3;4;39;37;33;51;32
3663129117;1;2;2;2;3;3;3;3;4;2;5;3;3;4;3;1;4;3;5;4;2;3;2;2;2;2;5;5;4;5;3;3;2;2;1;2;3;2;1;4;5;3;5;3;3;2;4;5;4;3;1;3;2;2;2;2;3;5;2;2;3;2;1;45;32;35;43;41
2788731283;1;2;5;5;5;3;3;5;5;5;2;2;2;5;3;4;1;2;3;4;2;1;5;4;2;5;1;4;2;3;3;2;4;5;4;2;3;3;5;4;2;1;3;4;4;2;5;2;1;4;5;2;5;3;2;4;5;4;2;4;1;2;2;30;45;37;29;36
5720967652;1;2;4;4;3;1;4;4;4;5;4;4;1;3;4;1;4;4;4;2;1;3;5;3;3;1;5;2;4;5;4;4;5;3;5;4;4;4;4;2;4;3;3;3;4;4;4;2;2;4;1;2;3;4;3;3;4;3;5;3;4;2;4;28;45;37;48;43
2035954091;1;2;4;3;1;3;5;4;3;5;2;1;1;3;1;1;3;1;5;4;1;3;2;3;1;1;4;3;3;3;4;2;3;4;5;4;4;4;4;5;5;4;2;5;2;1;5;3;3;5;1;4;3;3;1;3;4;4;5;2;5;4;4;32;41;52;53;43
2435463834;1;2;2;3;3;4;4;3;3;5;2;4;3;2;2;2;2;1;1;4;2;2;2;4;1;4;5;1;3;4;5;4;2;2;2;4;4;4;2;3;4;4;2;4;3;3;4;2;3;5;2;4;3;3;4;3;4;4;4;3;4;4;4;35;33;34;43;43
2189116412;1;2;4;3;3;4;4;3;3;5;4;2;3;3;1;2;3;3;5;4;3;2;3;2;2;3;4;2;3;5;5;4;3;2;2;4;4;3;3;2;4;3;4;4;3;3;4;2;3;3;2;4;3;3;4;4;4;3;4;2;3;3;5;34;37;37;39;41
5264538791;2;2;1;3;3;1;1;3;3;5;3;4;2;2;3;2;5;2;4;4;1;4;2;4;3;2;3;5;2;4;5;5;1;4;1;4;4;5;2;4;4;4;2;4;2;5;4;2;2;4;4;3;4;2;1;2;3;5;3;2;4;4;4;44;33;42;45;36
5243960670;2;2;3;3;3;3;2;2;3;4;4;3;4;2;3;4;4;4;3;4;4;4;2;4;4;2;3;4;2;2;3;4;2;2;2;2;2;5;3;2;4;2;5;4;4;4;2;5;4;3;3;2;5;3;2;2;2;4;4;3;2;5;1;51;32;37;33;27
3953809796;1;2;2;1;2;1;1;2;4;3;4;3;3;1;3;5;5;2;2;2;2;5;5;4;1;2;3;1;2;3;5;5;1;1;1;3;3;4;3;1;5;1;5;1;5;5;3;5;5;1;1;1;1;1;1;1;1;3;5;1;2;1;4;38;26;30;42;28
1998907733;1;2;3;3;2;2;3;3;4;2;4;2;2;4;2;2;4;3;4;2;2;3;1;2;2;2;3;3;3;4;4;2;3;3;1;3;3;2;3;1;4;3;4;4;5;4;4;4;2;2;2;3;4;4;2;3;4;2;4;2;2;4;2;38;44;31;40;38
1888355307;1;2;2;2;5;3;4;2;2;4;2;2;2;1;3;1;4;2;4;5;1;4;1;5;5;1;5;5;1;5;4;2;1;5;2;4;4;5;1;5;5;3;4;1;1;3;4;5;5;5;5;5;2;2;1;3;3;5;2;2;5;2;1;48;20;44;47;44
1968676601;1;2;4;4;3;3;3;2;4;5;4;4;2;4;2;2;2;2;5;3;1;2;3;3;1;1;4;5;3;4;4;4;4;3;2;5;4;5;5;3;5;4;5;4;2;3;4;3;1;4;2;3;3;5;3;4;3;2;5;2;3;3;2;38;48;40;45;40
3287087847;1;2;5;5;2;2;3;3;5;5;5;2;3;5;1;2;4;2;5;2;1;4;3;2;2;1;4;3;3;5;5;4;4;3;4;5;4;4;4;3;5;3;4;4;1;4;4;2;3;3;1;2;3;4;1;3;3;5;5;3;4;5;2;35;49;45;48;34
1757044061;2;2;2;4;3;2;5;2;4;5;4;1;4;2;1;3;1;3;5;2;1;3;1;4;1;2;5;4;1;4;5;3;1;2;4;5;5;4;3;5;4;5;1;4;5;4;5;5;5;5;1;2;4;3;1;3;4;3;4;1;2;4;1;46;34;46;44;41
5134005478;1;2;3;4;2;2;3;1;3;4;3;4;1;3;2;2;3;2;4;3;2;2;3;3;2;2;4;3;3;4;3;3;3;2;2;3;4;3;3;4;4;3;2;4;3;3;4;3;4;3;1;3;2;5;2;2;4;2;5;3;4;2;4;32;40;39;45;43
2410957945;1;2;5;4;2;1;5;4;5;5;4;5;1;3;2;1;1;2;5;3;1;1;4;1;2;1;5;1;5;4;5;1;5;4;4;4;4;2;5;2;4;4;1;2;2;2;5;1;5;5;1;4;1;5;2;4;5;1;5;3;4;1;5;16;47;44;50;53
1339662544;1;2;3;4;2;3;2;2;2;5;4;2;3;1;3;2;3;2;4;5;3;3;2;3;3;1;4;4;2;5;4;2;2;2;3;4;5;5;2;3;4;3;4;3;2;2;3;4;4;4;2;2;4;3;1;2;3;4;4;1;2;5;1;45;29;44;43;35
2662750493;1;2;5;5;4;4;5;3;4;3;5;5;2;4;1;2;1;2;5;3;2;1;2;1;2;1;5;4;4;5;5;4;2;4;4;5;5;4;5;3;3;5;2;2;2;3;5;3;3;4;2;5;2;5;3;3;5;3;5;2;5;3;5;34;49;40;44;51
5311221505;2;2;5;4;4;2;5;2;5;2;2;3;2;3;2;2;1;2;4;1;1;2;3;1;2;3;4;2;5;5;4;3;5;5;2;4;5;3;5;3;1;2;3;5;3;3;5;1;1;4;2;4;2;5;2;4;4;4;5;2;3;2;2;28;57;35;41;44
3032540667;1;2;3;3;2;2;4;3;4;5;4;2;2;3;1;5;3;1;4;2;2;2;2;2;2;1;4;2;3;4;3;4;3;3;4;4;3;2;4;5;2;1;2;5;1;3;4;3;3;5;4;3;3;4;1;3;2;3;5;3;2;3;3;31;45;49;35;35
1704895141;1;2;4;4;3;2;4;4;4;4;3;4;2;3;2;2;2;1;4;3;4;2;3;2;2;2;4;2;4;5;3;2;4;2;1;5;4;2;4;1;4;3;1;4;2;3;4;2;2;3;2;4;2;4;2;3;4;2;5;1;3;3;2;23;45;36;42;44
1864743574;1;2;4;4;3;3;2;3;4;5;5;2;2;3;2;2;5;3;4;3;2;4;3;2;4;1;4;1;3;4;4;4;3;2;3;4;5;3;4;4;4;2;3;4;3;2;4;2;3;3;2;3;2;4;3;4;3;4;5;3;4;3;2;31;43;41;43;37
5037039878;2;2;3;4;1;5;3;1;3;5;5;5;5;2;5;5;3;4;5;4;1;5;1;1;1;2;5;5;4;5;5;5;1;5;2;3;2;5;2;1;5;2;5;5;1;1;3;5;1;5;1;1;5;5;4;2;5;5;5;1;1;1;1;57;47;38;40;36
5639585222;2;2;4;4;4;2;3;4;3;4;4;4;2;3;2;3;2;2;2;2;4;2;4;4;4;3;4;3;3;4;4;2;3;3;2;4;3;2;3;2;4;2;2;2;4;2;3;4;2;4;2;4;3;3;2;3;4;4;4;2;3;2;5;31;38;36;40;41
2808537393;1;2;1;2;3;2;4;2;5;4;4;2;4;4;4;3;1;3;3;2;2;4;2;2;2;1;4;5;2;3;5;5;2;2;4;4;4;5;5;4;5;1;5;5;2;2;3;5;4;4;2;1;5;3;3;1;1;5;5;1;2;3;1;54;43;41;47;27
3313987381;1;3;1;4;1;3;3;3;4;5;4;2;2;2;4;2;5;4;4;4;5;4;4;4;5;2;4;5;2;3;5;4;1;1;5;3;5;5;3;3;3;3;3;3;3;4;4;3;3;5;3;3;4;2;1;1;3;5;5;2;5;5;3;46;33;49;40;37
1559597820;2;2;4;3;2;3;3;5;4;5;5;3;2;3;5;1;2;2;3;4;3;2;2;1;1;1;3;4;3;5;5;5;2;4;5;4;4;3;4;5;2;3;3;4;3;2;3;2;1;5;3;3;2;4;4;3;3;1;3;1;4;1;2;30;44;40;42;37
1794525680;2;2;1;2;2;4;2;2;3;5;1;4;4;2;5;4;1;4;1;5;3;4;1;5;1;5;5;5;2;4;5;3;1;4;4;3;3;4;3;1;5;3;5;5;3;4;3;4;4;4;4;5;5;3;5;2;3;4;2;3;4;5;1;54;30;30;38;35
1077260817;2;1;3;3;3;3;3;2;2;4;4;3;3;2;2;4;2;2;4;4;4;2;3;4;2;3;4;4;2;4;4;3;2;2;2;4;4;3;2;2;4;4;4;4;2;4;4;4;3;4;2;3;2;3;2;3;3;2;3;2;4;2;5;38;30;39;37;41
2400506010;2;2;5;5;5;1;5;5;5;5;5;1;1;1;1;5;4;1;1;1;1;5;5;4;1;1;5;5;5;5;5;1;5;4;5;5;5;5;3;5;5;4;5;5;3;1;5;5;1;5;1;5;1;5;1;4;4;1;5;3;5;5;2;28;50;40;49;45
3330332334;2;2;2;3;4;2;4;3;2;5;4;4;2;3;3;2;3;2;4;2;2;2;2;2;2;2;3;1;3;3;4;2;2;2;4;3;4;3;4;5;2;4;3;4;2;2;4;2;2;5;1;2;2;4;3;4;4;2;4;1;4;2;3;32;41;45;42;44
2723060445;2;2;4;3;2;4;3;4;2;4;5;3;2;3;5;4;4;4;2;2;2;3;2;5;3;2;3;4;2;3;4;4;4;2;1;2;2;5;2;3;5;1;5;3;1;2;3;5;2;3;1;1;5;4;1;4;4;5;5;1;4;2;1;45;35;39;39;33
5511315587;2;2;5;3;5;2;4;2;2;5;2;3;1;1;3;1;3;2;5;5;1;2;5;5;2;1;2;2;2;5;5;2;3;1;2;3;4;5;3;2;5;2;1;3;4;2;3;4;1;3;1;2;2;5;5;2;1;3;5;1;2;1;4;29;32;32;51;37
3164111710;1;2;4;4;2;4;4;2;3;4;4;3;3;4;3;2;2;3;4;4;2;3;2;2;2;2;4;3;3;3;4;3;2;3;4;4;4;3;3;2;4;3;4;4;2;2;4;4;4;4;3;3;4;3;2;3;3;3;3;2;4;3;3;41;38;42;42;39
5281653870;1;2;3;4;3;3;2;4;3;5;4;5;2;4;3;1;4;3;4;2;2;4;3;3;2;2;4;5;2;4;5;4;3;1;2;4;4;5;2;1;5;2;4;5;3;2;3;5;3;3;1;3;5;4;3;3;3;4;5;3;2;2;4;44;40;34;46;38
1834485807;1;2;2;2;3;2;4;3;2;5;5;4;4;3;3;2;2;3;3;3;3;2;3;2;3;1;4;2;4;3;4;3;3;4;4;4;4;3;3;4;3;4;2;4;3;3;5;2;4;4;2;4;3;2;2;3;3;3;3;3;2;2;5;35;36;42;40;45
1651048770;2;2;4;3;4;3;4;3;5;4;5;5;3;4;5;2;3;4;5;2;1;2;2;1;1;2;4;4;5;5;4;4;4;5;3;3;4;2;5;2;3;4;4;4;2;2;5;3;2;4;2;5;3;4;2;3;4;2;5;1;2;2;2;36;53;36;40;48
1909122593;2;2;3;4;2;3;4;1;4;5;4;3;4;4;4;4;3;4;5;4;4;4;2;2;2;3;4;5;4;4;5;4;2;3;4;3;2;4;4;5;4;2;5;4;1;2;4;5;3;4;2;5;5;3;2;3;4;4;3;3;4;5;1;52;42;45;39;36
2091972575;1;2;4;4;4;3;5;3;5;5;5;4;2;3;3;3;1;2;4;3;1;1;3;1;1;1;4;3;5;5;5;2;3;5;5;5;5;2;5;3;4;4;1;5;3;4;5;1;1;5;2;4;1;5;1;4;4;2;5;1;4;1;2;25;55;42;43;50
1739136305;2;2;3;4;3;3;3;3;3;5;3;3;3;2;2;3;2;2;4;3;2;2;3;3;2;2;4;3;3;5;4;2;3;3;4;4;5;3;2;3;4;3;3;4;1;3;4;2;3;4;1;3;3;3;3;3;3;4;4;1;5;4;4;35;37;43;45;40
2609770415;2;2;4;3;5;3;3;4;2;3;4;2;4;2;5;1;3;3;4;4;3;2;2;5;2;4;4;3;2;3;4;4;2;2;4;3;4;4;2;2;5;3;2;3;2;2;5;4;4;4;2;2;4;3;1;3;4;2;4;2;3;4;4;38;28;37;41;38
5283486374;2;2;2;5;1;5;2;1;2;5;5;2;5;2;1;4;5;2;5;5;5;5;1;2;5;2;2;5;2;2;5;4;2;2;2;5;4;3;2;2;2;2;5;2;1;5;2;5;5;5;5;2;5;2;1;3;2;5;5;2;2;5;1;53;30;52;28;27
3350515144;2;2;3;4;2;4;3;2;4;5;4;2;1;3;2;3;2;2;5;2;4;4;2;2;5;2;4;3;3;4;2;3;2;2;4;3;4;2;4;3;4;1;4;4;1;4;3;4;2;4;3;2;2;4;4;2;2;4;5;1;4;2;3;37;45;48;35;32
2186123920;2;2;2;2;2;3;3;2;2;5;5;2;4;2;3;2;3;4;4;4;4;2;2;4;2;2;2;4;2;3;3;3;2;2;4;4;3;4;2;4;4;2;3;4;2;2;2;3;4;4;2;4;3;3;3;3;3;2;4;3;3;3;1;43;29;43;39;34
1132076487;2;2;2;3;4;4;3;3;2;4;4;2;3;1;5;4;3;3;3;5;3;4;3;5;4;4;3;4;2;4;2;4;3;2;4;3;4;4;2;4;3;3;3;3;2;4;4;4;4;4;3;3;3;3;2;2;3;3;3;1;4;3;3;40;25;41;32;35
1930986977;2;2;1;1;1;1;1;1;1;2;2;2;2;2;2;2;3;3;3;3;3;3;3;4;4;4;4;4;4;4;5;5;5;5;5;5;5;2;2;2;2;2;1;1;1;1;1;4;4;4;4;4;5;5;5;5;5;1;1;1;1;1;3;36;29;42;39;36
2345050734;1;2;4;4;4;3;4;4;4;5;4;5;2;2;2;2;2;1;5;3;1;2;3;4;4;1;5;4;3;3;4;4;4;4;4;4;4;3;3;4;4;3;4;4;2;4;4;4;3;4;1;4;2;4;3;3;4;2;4;3;3;2;3;31;40;45;44;45
1634398037;1;2;3;4;3;5;3;2;3;5;3;4;3;3;3;2;3;3;4;3;1;3;2;4;5;2;3;4;2;5;4;4;4;4;2;4;4;4;3;1;3;2;4;3;3;4;4;4;3;3;2;3;4;3;3;2;2;4;4;3;3;3;1;43;37;36;41;36
1197902041;1;2;4;3;2;2;4;3;3;5;3;2;3;3;2;4;4;3;5;2;2;4;3;1;2;3;2;5;2;4;3;4;3;3;5;2;3;4;3;2;3;2;4;4;1;2;3;4;4;4;4;4;4;3;2;3;2;4;2;2;4;4;3;42;37;46;37;32
1927575530;1;2;3;3;3;5;5;4;5;5;3;5;1;4;1;5;5;2;5;1;4;1;3;1;2;3;4;4;5;5;5;2;3;5;2;5;4;4;5;5;5;5;5;5;1;3;5;2;3;5;2;5;2;5;1;4;1;2;5;5;5;3;2;33;55;44;39;51
2984833100;2;2;5;4;5;2;4;3;2;2;3;2;2;2;1;4;1;1;5;4;2;2;2;1;1;1;1;1;4;5;5;2;5;5;2;4;4;4;3;2;4;4;1;5;2;2;5;1;2;2;1;4;2;5;5;3;4;1;4;1;4;1;4;22;45;31;47;42
1846720397;1;2;4;3;1;4;3;2;5;5;4;4;3;2;2;1;2;2;5;3;1;2;3;2;1;1;3;2;4;5;4;2;3;2;4;4;4;3;4;2;5;4;2;4;3;2;5;2;4;4;2;5;4;4;2;4;4;4;4;2;2;4;4;34;41;42;44;44
